Workbook

Sheet Mekanik Montaj
A1: KONTROL TARİHİ | B1: KONTROL EDİLEN ÜRÜN ADEDİ | C1: HATALI ÜRÜN ADEDİ | D1: P BAR | E1: UCL | F1: LCL | G1: KONTROL
A2: 46029 | B2: 2 | C2: 0 | D2: =C2/B2 -> 0 | E2: =$D$149+3*SQRT($D$149*(1-$D$149)/B2) -> 0.90873615 | F2: =MAX(0,$D$149-3*SQRT($D$149*(1-$D$149)/B2)) -> 0 | G2: =IF(AND(D2<=E2,D2>=F2),"KONTROL İÇİNDE"," KONTROL DIŞINDA") -> KONTROL İÇİNDE
A3: 46030 | B3: 34 | C3: 0 | D3: =C3/B3 -> 0 | E3: =$D$149+3*SQRT($D$149*(1-$D$149)/B3) -> 0.334334 | F3: =MAX(0,$D$149-3*SQRT($D$149*(1-$D$149)/B3)) -> 0 | G3: =IF(AND(D3<=E3,D3>=F3),"KONTROL İÇİNDE"," KONTROL DIŞINDA") -> KONTROL İÇİNDE
A4: 46031 | B4: 1 | C4: 0 | D4: =C4/B4 -> 0 | E4: =$D$149+3*SQRT($D$149*(1-$D$149)/B4) -> 1.2228435 | F4: =MAX(0,$D$149-3*SQRT($D$149*(1-$D$149)/B4)) -> 0 | G4: =IF(AND(D4<=E4,D4>=F4),"KONTROL İÇİNDE"," KONTROL DIŞINDA") -> KONTROL İÇİNDE
A5: 46035 | B5: 81 | C5: 0 | D5: =C5/B5 -> 0 | E5: =$D$149+3*SQRT($D$149*(1-$D$149)/B5) -> 0.26957268 | F5: =MAX(0,$D$149-3*SQRT($D$149*(1-$D$149)/B5)) -> 0.03125496 | G5: =IF(AND(D5<=E5,D5>=F5),"KONTROL İÇİNDE"," KONTROL DIŞINDA") -> KONTROL DIŞINDA
A6: 46037 | B6: 6 | C6: 0 | D6: =C6/B6 -> 0 | E6: =$D$149+3*SQRT($D$149*(1-$D$149)/B6) -> 0.58823142 | F6: =MAX(0,$D$149-3*SQRT($D$149*(1-$D$149)/B6)) -> 0 | G6: =IF(AND(D6<=E6,D6>=F6),"KONTROL İÇİNDE"," KONTROL DIŞINDA") -> KONTROL İÇİNDE
A7: 46038 | B7: 2 | C7: 0 | D7: =C7/B7 -> 0 | E7: =$D$149+3*SQRT($D$149*(1-$D$149)/B7) -> 0.90873615 | F7: =MAX(0,$D$149-3*SQRT($D$149*(1-$D$149)/B7)) -> 0 | G7: =IF(AND(D7<=E7,D7>=F7),"KONTROL İÇİNDE"," KONTROL DIŞINDA") -> KONTROL İÇİNDE
A8: 46041 | B8: 12 | C8: 0 | D8: =C8/B8 -> 0 | E8: =$D$149+3*SQRT($D$149*(1-$D$149)/B8) -> 0.45999761 | F8: =MAX(0,$D$149-3*SQRT($D$149*(1-$D$149)/B8)) -> 0 | G8: =IF(AND(D8<=E8,D8>=F8),"KONTROL İÇİNDE"," KONTROL DIŞINDA") -> KONTROL İÇİNDE
A9: 46043 | B9: 316 | C9: 0 | D9: =C9/B9 -> 0 | E9: =$D$149+3*SQRT($D$149*(1-$D$149)/B9) -> 0.2107427 | F9: =MAX(0,$D$149-3*SQRT($D$149*(1-$D$149)/B9)) -> 0.090084933 | G9: =IF(AND(D9<=E9,D9>=F9),"KONTROL İÇİNDE"," KONTROL DIŞINDA") -> KONTROL DIŞINDA
A10: 46045 | B10: 9 | C10: 1 | D10: =C10/B10 -> 0.11111111 | E10: =$D$149+3*SQRT($D$149*(1-$D$149)/B10) -> 0.50789039 | F10: =MAX(0,$D$149-3*SQRT($D$149*(1-$D$149)/B10)) -> 0 | G10: =IF(AND(D10<=E10,D10>=F10),"KONTROL İÇİNDE"," KONTROL DIŞINDA") -> KONTROL İÇİNDE
A11: 46048 | B11: 2 | C11: 0 | D11: =C11/B11 -> 0 | E11: =$D$149+3*SQRT($D$149*(1-$D$149)/B11) -> 0.90873615 | F11: =MAX(0,$D$149-3*SQRT($D$149*(1-$D$149)/B11)) -> 0 | G11: =IF(AND(D11<=E11,D11>=F11),"KONTROL İÇİNDE"," KONTROL DIŞINDA") -> KONTROL İÇİNDE
A12: 46050 | B12: 205 | C12: 0 | D12: =C12/B12 -> 0 | E12: =$D$149+3*SQRT($D$149*(1-$D$149)/B12) -> 0.22531556 | F12: =MAX(0,$D$149-3*SQRT($D$149*(1-$D$149)/B12)) -> 0.075512077 | G12: =IF(AND(D12<=E12,D12>=F12),"KONTROL İÇİNDE"," KONTROL DIŞINDA") -> KONTROL DIŞINDA
A13: 46052 | B13: 6 | C13: 0 | D13: =C13/B13 -> 0 | E13: =$D$149+3*SQRT($D$149*(1-$D$149)/B13) -> 0.58823142 | F13: =MAX(0,$D$149-3*SQRT($D$149*(1-$D$149)/B13)) -> 0 | G13: =IF(AND(D13<=E13,D13>=F13),"KONTROL İÇİNDE"," KONTROL DIŞINDA") -> KONTROL İÇİNDE
... A25: 46070 | B25: 11 | C25: 0 | D25: =C25/B25 -> 0 | E25: =$D$149+3*SQRT($D$149*(1-$D$149)/B25) -> 0.47376355 | F25: =MAX(0,$D$149-3*SQRT($D$149*(1-$D$149)/B25)) -> 0 | G25: =IF(AND(D25<=E25,D25>=F25),"KONTROL İÇİNDE"," KONTROL DIŞINDA") -> KONTROL İÇİNDE
A26: 46071 | B26: 806 | C26: 800 | D26: =C26/B26 -> 0.99255583 | E26: =$D$149+3*SQRT($D$149*(1-$D$149)/B26) -> 0.18818854 | F26: =MAX(0,$D$149-3*SQRT($D$149*(1-$D$149)/B26)) -> 0.11263909 | G26: =IF(AND(D26<=E26,D26>=F26),"KONTROL İÇİNDE"," KONTROL DIŞINDA") -> KONTROL DIŞINDA | H26: Enjeksiyon Kısımlarında Oynama Var
A27: 46072 | B27: 8 | C27: 0 | D27: =C27/B27 -> 0 | E27: =$D$149+3*SQRT($D$149*(1-$D$149)/B27) -> 0.52957498 | F27: =MAX(0,$D$149-3*SQRT($D$149*(1-$D$149)/B27)) -> 0 | G27: =IF(AND(D27<=E27,D27>=F27),"KONTROL İÇİNDE"," KONTROL DIŞINDA") -> KONTROL İÇİNDE
A28: 46076 | B28: 12 | C28: 0 | D28: =C28/B28 -> 0 | E28: =$D$149+3*SQRT($D$149*(1-$D$149)/B28) -> 0.45999761 | F28: =MAX(0,$D$149-3*SQRT($D$149*(1-$D$149)/B28)) -> 0 | G28: =IF(AND(D28<=E28,D28>=F28),"KONTROL İÇİNDE"," KONTROL DIŞINDA") -> KONTROL İÇİNDE
A29: 46077 | B29: 5 | C29: 0 | D29: =C29/B29 -> 0 | E29: =$D$149+3*SQRT($D$149*(1-$D$149)/B29) -> 0.63001897 | F29: =MAX(0,$D$149-3*SQRT($D$149*(1-$D$149)/B29)) -> 0 | G29: =IF(AND(D29<=E29,D29>=F29),"KONTROL İÇİNDE"," KONTROL DIŞINDA") -> KONTROL İÇİNDE
A30: 46078 | B30: 3 | C30: 0 | D30: =C30/B30 -> 0 | E30: =$D$149+3*SQRT($D$149*(1-$D$149)/B30) -> 0.76958141 | F30: =MAX(0,$D$149-3*SQRT($D$149*(1-$D$149)/B30)) -> 0 | G30: =IF(AND(D30<=E30,D30>=F30),"KONTROL İÇİNDE"," KONTROL DIŞINDA") -> KONTROL İÇİNDE
A31: 46079 | B31: 2 | C31: 0 | D31: =C31/B31 -> 0 | E31: =$D$149+3*SQRT($D$149*(1-$D$149)/B31) -> 0.90873615 | F31: =MAX(0,$D$149-3*SQRT($D$149*(1-$D$149)/B31)) -> 0 | G31: =IF(AND(D31<=E31,D31>=F31),"KONTROL İÇİNDE"," KONTROL DIŞINDA") -> KONTROL İÇİNDE
A32: 46081 | B32: 28 | C32: 0 | D32: =C32/B32 -> 0 | E32: =$D$149+3*SQRT($D$149*(1-$D$149)/B32) -> 0.35308399 | F32: =MAX(0,$D$149-3*SQRT($D$149*(1-$D$149)/B32)) -> 0 | G32: =IF(AND(D32<=E32,D32>=F32),"KONTROL İÇİNDE"," KONTROL DIŞINDA") -> KONTROL İÇİNDE
A33: 46083 | B33: 2 | C33: 0 | D33: =C33/B33 -> 0 | E33: =$D$149+3*SQRT($D$149*(1-$D$149)/B33) -> 0.90873615 | F33: =MAX(0,$D$149-3*SQRT($D$149*(1-$D$149)/B33)) -> 0 | G33: =IF(AND(D33<=E33,D33>=F33),"KONTROL İÇİNDE"," KONTROL DIŞINDA") -> KONTROL İÇİNDE
A34: 46084 | B34: 134 | C34: 1 | D34: =C34/B34 -> 0.0074626866 | E34: =$D$149+3*SQRT($D$149*(1-$D$149)/B34) -> 0.24305764 | F34: =MAX(0,$D$149-3*SQRT($D$149*(1-$D$149)/B34)) -> 0.05777 | G34: =IF(AND(D34<=E34,D34>=F34),"KONTROL İÇİNDE"," KONTROL DIŞINDA") -> KONTROL DIŞINDA
A35: 46086 | B35: 113 | C35: 3 | D35: =C35/B35 -> 0.026548673 | E35: =$D$149+3*SQRT($D$149*(1-$D$149)/B35) -> 0.25129952 | F35: =MAX(0,$D$149-3*SQRT($D$149*(1-$D$149)/B35)) -> 0.049528116 | G35: =IF(AND(D35<=E35,D35>=F35),"KONTROL İÇİNDE"," KONTROL DIŞINDA") -> KONTROL DIŞINDA
A36: 46086 | B36: 59 | C36: 0 | D36: =C36/B36 -> 0 | E36: =$D$149+3*SQRT($D$149*(1-$D$149)/B36) -> 0.29003228 | F36: =MAX(0,$D$149-3*SQRT($D$149*(1-$D$149)/B36)) -> 0.01079536 | G36: =IF(AND(D36<=E36,D36>=F36),"KONTROL İÇİNDE"," KONTROL DIŞINDA") -> KONTROL DIŞINDA
A37: 46087 | B37: 2 | C37: 0 | D37: =C37/B37 -> 0 | E37: =$D$149+3*SQRT($D$149*(1-$D$149)/B37) -> 0.90873615 | F37: =MAX(0,$D$149-3*SQRT($D$149*(1-$D$149)/B37)) -> 0 | G37: =IF(AND(D37<=E37,D37>=F37),"KONTROL İÇİNDE"," KONTROL DIŞINDA") -> KONTROL İÇİNDE
A38: 46090 | B38: 2 | C38: 0 | D38: =C38/B38 -> 0 | E38: =$D$149+3*SQRT($D$149*(1-$D$149)/B38) -> 0.90873615 | F38: =MAX(0,$D$149-3*SQRT($D$149*(1-$D$149)/B38)) -> 0 | G38: =IF(AND(D38<=E38,D38>=F38),"KONTROL İÇİNDE"," KONTROL DIŞINDA") -> KONTROL İÇİNDE
... A148: 46262 | B148: 57 | C148: 0 | D148: =C148/B148 -> 0 | E148: =$D$149+3*SQRT($D$149*(1-$D$149)/B148) -> 0.2924606 | F148: =MAX(0,$D$149-3*SQRT($D$149*(1-$D$149)/B148)) -> 0.008367031 | G148: =IF(AND(D148<=E148,D148>=F148),"KONTROL İÇİNDE"," KONTROL DIŞINDA") -> KONTROL DIŞINDA
B149: =SUM(B2:B148) -> 5558 | C149: =SUM(C2:C148) -> 836 | D149: =C149/B149 -> 0.15041382

Sheet Mekanik Dyson Hatası
A1: KONTROL TARİHİ | B1: KONTROL EDİLEN ÜRÜN ADEDİ | C1: Hatalı Üürn adedi | D1: P BAR | E1: UCL | F1: LCL | G1: KONTROL
A2: 46029 | B2: 2 | C2: 0 | D2: =C2/B2 -> 0 | E2: =$D$152+3*SQRT($D$152*(1-$D$152)/B2) -> 0.67940999 | F2: =MAX(0,$D$152-3*SQRT($D$152*(1-$D$152)/B2)) -> 0 | G2: =IF(AND(D2<=E2,D2>=F2),"KONTROL İÇİNDE"," KONTROL DIŞINDA") -> KONTROL İÇİNDE
A3: 46030 | B3: 34 | C3: 0 | D3: =C3/B3 -> 0 | E3: =$D$152+3*SQRT($D$152*(1-$D$152)/B3) -> 0.22967914 | F3: =MAX(0,$D$152-3*SQRT($D$152*(1-$D$152)/B3)) -> 0 | G3: =IF(AND(D3<=E3,D3>=F3),"KONTROL İÇİNDE"," KONTROL DIŞINDA") -> KONTROL İÇİNDE
A4: 46031 | B4: 1 | C4: 0 | D4: =C4/B4 -> 0 | E4: =$D$152+3*SQRT($D$152*(1-$D$152)/B4) -> 0.92534183 | F4: =MAX(0,$D$152-3*SQRT($D$152*(1-$D$152)/B4)) -> 0 | G4: =IF(AND(D4<=E4,D4>=F4),"KONTROL İÇİNDE"," KONTROL DIŞINDA") -> KONTROL İÇİNDE
A5: 46034 | B5: 30 | C5: 11 | D5: =C5/B5 -> 0.36666667 | E5: =$D$152+3*SQRT($D$152*(1-$D$152)/B5) -> 0.23897893 | F5: =MAX(0,$D$152-3*SQRT($D$152*(1-$D$152)/B5)) -> 0 | G5: =IF(AND(D5<=E5,D5>=F5),"KONTROL İÇİNDE"," KONTROL DIŞINDA") -> KONTROL DIŞINDA | H5: Dayson Hatası
A6: 46035 | B6: 81 | C6: 0 | D6: =C6/B6 -> 0 | E6: =$D$152+3*SQRT($D$152*(1-$D$152)/B6) -> 0.17897397 | F6: =MAX(0,$D$152-3*SQRT($D$152*(1-$D$152)/B6)) -> 0 | G6: =IF(AND(D6<=E6,D6>=F6),"KONTROL İÇİNDE"," KONTROL DIŞINDA") -> KONTROL İÇİNDE
A7: 46037 | B7: 6 | C7: 0 | D7: =C7/B7 -> 0 | E7: =$D$152+3*SQRT($D$152*(1-$D$152)/B7) -> 0.42846931 | F7: =MAX(0,$D$152-3*SQRT($D$152*(1-$D$152)/B7)) -> 0 | G7: =IF(AND(D7<=E7,D7>=F7),"KONTROL İÇİNDE"," KONTROL DIŞINDA") -> KONTROL İÇİNDE
A8: 46038 | B8: 2 | C8: 0 | D8: =C8/B8 -> 0 | E8: =$D$152+3*SQRT($D$152*(1-$D$152)/B8) -> 0.67940999 | F8: =MAX(0,$D$152-3*SQRT($D$152*(1-$D$152)/B8)) -> 0 | G8: =IF(AND(D8<=E8,D8>=F8),"KONTROL İÇİNDE"," KONTROL DIŞINDA") -> KONTROL İÇİNDE
A9: 46041 | B9: 12 | C9: 0 | D9: =C9/B9 -> 0 | E9: =$D$152+3*SQRT($D$152*(1-$D$152)/B9) -> 0.32806806 | F9: =MAX(0,$D$152-3*SQRT($D$152*(1-$D$152)/B9)) -> 0 | G9: =IF(AND(D9<=E9,D9>=F9),"KONTROL İÇİNDE"," KONTROL DIŞINDA") -> KONTROL İÇİNDE
A10: 46043 | B10: 316 | C10: 0 | D10: =C10/B10 -> 0 | E10: =$D$152+3*SQRT($D$152*(1-$D$152)/B10) -> 0.13291276 | F10: =MAX(0,$D$152-3*SQRT($D$152*(1-$D$152)/B10)) -> 0.038443199 | G10: =IF(AND(D10<=E10,D10>=F10),"KONTROL İÇİNDE"," KONTROL DIŞINDA") -> KONTROL DIŞINDA
A11: 46045 | B11: 9 | C11: 1 | D11: =C11/B11 -> 0.11111111 | E11: =$D$152+3*SQRT($D$152*(1-$D$152)/B11) -> 0.36556593 | F11: =MAX(0,$D$152-3*SQRT($D$152*(1-$D$152)/B11)) -> 0 | G11: =IF(AND(D11<=E11,D11>=F11),"KONTROL İÇİNDE"," KONTROL DIŞINDA") -> KONTROL İÇİNDE
A12: 46048 | B12: 2 | C12: 0 | D12: =C12/B12 -> 0 | E12: =$D$152+3*SQRT($D$152*(1-$D$152)/B12) -> 0.67940999 | F12: =MAX(0,$D$152-3*SQRT($D$152*(1-$D$152)/B12)) -> 0 | G12: =IF(AND(D12<=E12,D12>=F12),"KONTROL İÇİNDE"," KONTROL DIŞINDA") -> KONTROL İÇİNDE
A13: 46050 | B13: 205 | C13: 0 | D13: =C13/B13 -> 0 | E13: =$D$152+3*SQRT($D$152*(1-$D$152)/B13) -> 0.14432265 | F13: =MAX(0,$D$152-3*SQRT($D$152*(1-$D$152)/B13)) -> 0.027033314 | G13: =IF(AND(D13<=E13,D13>=F13),"KONTROL İÇİNDE"," KONTROL DIŞINDA") -> KONTROL DIŞINDA
A14: 46052 | B14: 6 | C14: 0 | D14: =C14/B14 -> 0 | E14: =$D$152+3*SQRT($D$152*(1-$D$152)/B14) -> 0.42846931 | F14: =MAX(0,$D$152-3*SQRT($D$152*(1-$D$152)/B14)) -> 0 | G14: =IF(AND(D14<=E14,D14>=F14),"KONTROL İÇİNDE"," KONTROL DIŞINDA") -> KONTROL İÇİNDE
A15: 46055 | B15: 2 | C15: 0 | D15: =C15/B15 -> 0 | E15: =$D$152+3*SQRT($D$152*(1-$D$152)/B15) -> 0.67940999 | F15: =MAX(0,$D$152-3*SQRT($D$152*(1-$D$152)/B15)) -> 0 | G15: =IF(AND(D15<=E15,D15>=F15),"KONTROL İÇİNDE"," KONTROL DIŞINDA") -> KONTROL İÇİNDE
A16: 46056 | B16: 1 | C16: 0 | D16: =C16/B16 -> 0 | E16: =$D$152+3*SQRT($D$152*(1-$D$152)/B16) -> 0.92534183 | F16: =MAX(0,$D$152-3*SQRT($D$152*(1-$D$152)/B16)) -> 0 | G16: =IF(AND(D16<=E16,D16>=F16),"KONTROL İÇİNDE"," KONTROL DIŞINDA") -> KONTROL İÇİNDE
A17: 46057 | B17: 7 | C17: 0 | D17: =C17/B17 -> 0 | E17: =$D$152+3*SQRT($D$152*(1-$D$152)/B17) -> 0.40304109 | F17: =MAX(0,$D$152-3*SQRT($D$152*(1-$D$152)/B17)) -> 0 | G17: =IF(AND(D17<=E17,D17>=F17),"KONTROL İÇİNDE"," KONTROL DIŞINDA") -> KONTROL İÇİNDE
... A28: 46072 | B28: 8 | C28: 0 | D28: =C28/B28 -> 0 | E28: =$D$152+3*SQRT($D$152*(1-$D$152)/B28) -> 0.38254398 | F28: =MAX(0,$D$152-3*SQRT($D$152*(1-$D$152)/B28)) -> 0 | G28: =IF(AND(D28<=E28,D28>=F28),"KONTROL İÇİNDE"," KONTROL DIŞINDA") -> KONTROL İÇİNDE
A29: 46076 | B29: 42 | C29: 28 | D29: =C29/B29 -> 0.66666667 | E29: =$D$152+3*SQRT($D$152*(1-$D$152)/B29) -> 0.21524093 | F29: =MAX(0,$D$152-3*SQRT($D$152*(1-$D$152)/B29)) -> 0 | G29: =IF(AND(D29<=E29,D29>=F29),"KONTROL İÇİNDE"," KONTROL DIŞINDA") -> KONTROL DIŞINDA | H29: Dayson Hatası
A30: 46077 | B30: 5 | C30: 0 | D30: =C30/B30 -> 0 | E30: =$D$152+3*SQRT($D$152*(1-$D$152)/B30) -> 0.46118707 | F30: =MAX(0,$D$152-3*SQRT($D$152*(1-$D$152)/B30)) -> 0 | G30: =IF(AND(D30<=E30,D30>=F30),"KONTROL İÇİNDE"," KONTROL DIŞINDA") -> KONTROL İÇİNDE
A31: 46078 | B31: 103 | C31: 65 | D31: =C31/B31 -> 0.63106796 | E31: =$D$152+3*SQRT($D$152*(1-$D$152)/B31) -> 0.16841252 | F31: =MAX(0,$D$152-3*SQRT($D$152*(1-$D$152)/B31)) -> 0.0029434437 | G31: =IF(AND(D31<=E31,D31>=F31),"KONTROL İÇİNDE"," KONTROL DIŞINDA") -> KONTROL DIŞINDA | H31: Dayson Hatası
A32: 46079 | B32: 102 | C32: 60 | D32: =C32/B32 -> 0.58823529 | E32: =$D$152+3*SQRT($D$152*(1-$D$152)/B32) -> 0.16881709 | F32: =MAX(0,$D$152-3*SQRT($D$152*(1-$D$152)/B32)) -> 0.0025388715 | G32: =IF(AND(D32<=E32,D32>=F32),"KONTROL İÇİNDE"," KONTROL DIŞINDA") -> KONTROL DIŞINDA | H32: Dayson Hatası
A33: 46081 | B33: 28 | C33: 0 | D33: =C33/B33 -> 0 | E33: =$D$152+3*SQRT($D$152*(1-$D$152)/B33) -> 0.24435953 | F33: =MAX(0,$D$152-3*SQRT($D$152*(1-$D$152)/B33)) -> 0 | G33: =IF(AND(D33<=E33,D33>=F33),"KONTROL İÇİNDE"," KONTROL DIŞINDA") -> KONTROL İÇİNDE
A34: 46083 | B34: 2 | C34: 0 | D34: =C34/B34 -> 0 | E34: =$D$152+3*SQRT($D$152*(1-$D$152)/B34) -> 0.67940999 | F34: =MAX(0,$D$152-3*SQRT($D$152*(1-$D$152)/B34)) -> 0 | G34: =IF(AND(D34<=E34,D34>=F34),"KONTROL İÇİNDE"," KONTROL DIŞINDA") -> KONTROL İÇİNDE
A35: 46084 | B35: 233 | C35: 4 | D35: =C35/B35 -> 0.017167382 | E35: =$D$152+3*SQRT($D$152*(1-$D$152)/B35) -> 0.14068619 | F35: =MAX(0,$D$152-3*SQRT($D$152*(1-$D$152)/B35)) -> 0.030669774 | G35: =IF(AND(D35<=E35,D35>=F35),"KONTROL İÇİNDE"," KONTROL DIŞINDA") -> KONTROL DIŞINDA | H35: Dayson Hatası
A36: 46086 | B36: 5 | C36: 0 | D36: =C36/B36 -> 0 | E36: =$D$152+3*SQRT($D$152*(1-$D$152)/B36) -> 0.46118707 | F36: =MAX(0,$D$152-3*SQRT($D$152*(1-$D$152)/B36)) -> 0 | G36: =IF(AND(D36<=E36,D36>=F36),"KONTROL İÇİNDE"," KONTROL DIŞINDA") -> KONTROL İÇİNDE
A37: 46087 | B37: 2 | C37: 0 | D37: =C37/B37 -> 0 | E37: =$D$152+3*SQRT($D$152*(1-$D$152)/B37) -> 0.67940999 | F37: =MAX(0,$D$152-3*SQRT($D$152*(1-$D$152)/B37)) -> 0 | G37: =IF(AND(D37<=E37,D37>=F37),"KONTROL İÇİNDE"," KONTROL DIŞINDA") -> KONTROL İÇİNDE
A38: 46090 | B38: 2 | C38: 0 | D38: =C38/B38 -> 0 | E38: =$D$152+3*SQRT($D$152*(1-$D$152)/B38) -> 0.67940999 | F38: =MAX(0,$D$152-3*SQRT($D$152*(1-$D$152)/B38)) -> 0 | G38: =IF(AND(D38<=E38,D38>=F38),"KONTROL İÇİNDE"," KONTROL DIŞINDA") -> KONTROL İÇİNDE
A39: 46091 | B39: 102 | C39: 52 | D39: =C39/B39 -> 0.50980392 | E39: =$D$152+3*SQRT($D$152*(1-$D$152)/B39) -> 0.16881709 | F39: =MAX(0,$D$152-3*SQRT($D$152*(1-$D$152)/B39)) -> 0.0025388715 | G39: =IF(AND(D39<=E39,D39>=F39),"KONTROL İÇİNDE"," KONTROL DIŞINDA") -> KONTROL DIŞINDA | H39: Dayson Hatası
A40: 46092 | B40: 9 | C40: 0 | D40: =C40/B40 -> 0 | E40: =$D$152+3*SQRT($D$152*(1-$D$152)/B40) -> 0.36556593 | F40: =MAX(0,$D$152-3*SQRT($D$152*(1-$D$152)/B40)) -> 0 | G40: =IF(AND(D40<=E40,D40>=F40),"KONTROL İÇİNDE"," KONTROL DIŞINDA") -> KONTROL İÇİNDE
A41: 46093 | B41: 23 | C41: 0 | D41: =C41/B41 -> 0 | E41: =$D$152+3*SQRT($D$152*(1-$D$152)/B41) -> 0.26076 | F41: =MAX(0,$D$152-3*SQRT($D$152*(1-$D$152)/B41)) -> 0 | G41: =IF(AND(D41<=E41,D41>=F41),"KONTROL İÇİNDE"," KONTROL DIŞINDA") -> KONTROL İÇİNDE
A42: 46094 | B42: 1 | C42: 0 | D42: =C42/B42 -> 0 | E42: =$D$152+3*SQRT($D$152*(1-$D$152)/B42) -> 0.92534183 | F42: =MAX(0,$D$152-3*SQRT($D$152*(1-$D$152)/B42)) -> 0 | G42: =IF(AND(D42<=E42,D42>=F42),"KONTROL İÇİNDE"," KONTROL DIŞINDA") -> KONTROL İÇİNDE
A43: 46096 | B43: 1 | C43: 0 | D43: =C43/B43 -> 0 | E43: =$D$152+3*SQRT($D$152*(1-$D$152)/B43) -> 0.92534183 | F43: =MAX(0,$D$152-3*SQRT($D$152*(1-$D$152)/B43)) -> 0 | G43: =IF(AND(D43<=E43,D43>=F43),"KONTROL İÇİNDE"," KONTROL DIŞINDA") -> KONTROL İÇİNDE
A44: 46097 | B44: 33 | C44: 0 | D44: =C44/B44 -> 0 | E44: =$D$152+3*SQRT($D$152*(1-$D$152)/B44) -> 0.2318447 | F44: =MAX(0,$D$152-3*SQRT($D$152*(1-$D$152)/B44)) -> 0 | G44: =IF(AND(D44<=E44,D44>=F44),"KONTROL İÇİNDE"," KONTROL DIŞINDA") -> KONTROL İÇİNDE
A45: 46098 | B45: 17 | C45: 0 | D45: =C45/B45 -> 0 | E45: =$D$152+3*SQRT($D$152*(1-$D$152)/B45) -> 0.28932638 | F45: =MAX(0,$D$152-3*SQRT($D$152*(1-$D$152)/B45)) -> 0 | G45: =IF(AND(D45<=E45,D45>=F45),"KONTROL İÇİNDE"," KONTROL DIŞINDA") -> KONTROL İÇİNDE
A46: 46099 | B46: 30 | C46: 0 | D46: =C46/B46 -> 0 | E46: =$D$152+3*SQRT($D$152*(1-$D$152)/B46) -> 0.23897893 | F46: =MAX(0,$D$152-3*SQRT($D$152*(1-$D$152)/B46)) -> 0 | G46: =IF(AND(D46<=E46,D46>=F46),"KONTROL İÇİNDE"," KONTROL DIŞINDA") -> KONTROL İÇİNDE
A47: 46101 | B47: 1 | C47: 0 | D47: =C47/B47 -> 0 | E47: =$D$152+3*SQRT($D$152*(1-$D$152)/B47) -> 0.92534183 | F47: =MAX(0,$D$152-3*SQRT($D$152*(1-$D$152)/B47)) -> 0 | G47: =IF(AND(D47<=E47,D47>=F47),"KONTROL İÇİNDE"," KONTROL DIŞINDA") -> KONTROL İÇİNDE
A48: 46104 | B48: 50 | C48: 30 | D48: =C48/B48 -> 0.6 | E48: =$D$152+3*SQRT($D$152*(1-$D$152)/B48) -> 0.20442438 | F48: =MAX(0,$D$152-3*SQRT($D$152*(1-$D$152)/B48)) -> 0 | G48: =IF(AND(D48<=E48,D48>=F48),"KONTROL İÇİNDE"," KONTROL DIŞINDA") -> KONTROL DIŞINDA | H48: Dayson Hatası
A49: 46105 | B49: 165 | C49: 55 | D49: =C49/B49 -> 0.33333333 | E49: =$D$152+3*SQRT($D$152*(1-$D$152)/B49) -> 0.15104572 | F49: =MAX(0,$D$152-3*SQRT($D$152*(1-$D$152)/B49)) -> 0.020310239 | G49: =IF(AND(D49<=E49,D49>=F49),"KONTROL İÇİNDE"," KONTROL DIŞINDA") -> KONTROL DIŞINDA | H49: Dayson Hatası
A50: 46106 | B50: 120 | C50: 43 | D50: =C50/B50 -> 0.35833333 | E50: =$D$152+3*SQRT($D$152*(1-$D$152)/B50) -> 0.16232845 | F50: =MAX(0,$D$152-3*SQRT($D$152*(1-$D$152)/B50)) -> 0.0090275094 | G50: =IF(AND(D50<=E50,D50>=F50),"KONTROL İÇİNDE"," KONTROL DIŞINDA") -> KONTROL DIŞINDA | H50: Dayson Hatası
A51: 46107 | B51: 1 | C51: 0 | D51: =C51/B51 -> 0 | E51: =$D$152+3*SQRT($D$152*(1-$D$152)/B51) -> 0.92534183 | F51: =MAX(0,$D$152-3*SQRT($D$152*(1-$D$152)/B51)) -> 0 | G51: =IF(AND(D51<=E51,D51>=F51),"KONTROL İÇİNDE"," KONTROL DIŞINDA") -> KONTROL İÇİNDE
A52: 46108 | B52: 43 | C52: 14 | D52: =C52/B52 -> 0.3255814 | E52: =$D$152+3*SQRT($D$152*(1-$D$152)/B52) -> 0.21372552 | F52: =MAX(0,$D$152-3*SQRT($D$152*(1-$D$152)/B52)) -> 0 | G52: =IF(AND(D52<=E52,D52>=F52),"KONTROL İÇİNDE"," KONTROL DIŞINDA") -> KONTROL DIŞINDA | H52: Dayson Hatası
A53: 46111 | B53: 2 | C53: 0 | D53: =C53/B53 -> 0 | E53: =$D$152+3*SQRT($D$152*(1-$D$152)/B53) -> 0.67940999 | F53: =MAX(0,$D$152-3*SQRT($D$152*(1-$D$152)/B53)) -> 0 | G53: =IF(AND(D53<=E53,D53>=F53),"KONTROL İÇİNDE"," KONTROL DIŞINDA") -> KONTROL İÇİNDE
A54: 46112 | B54: 15 | C54: 7 | D54: =C54/B54 -> 0.46666667 | E54: =$D$152+3*SQRT($D$152*(1-$D$152)/B54) -> 0.30247826 | F54: =MAX(0,$D$152-3*SQRT($D$152*(1-$D$152)/B54)) -> 0 | G54: =IF(AND(D54<=E54,D54>=F54),"KONTROL İÇİNDE"," KONTROL DIŞINDA") -> KONTROL DIŞINDA | H54: Dayson Hatası
A55: 46113 | B55: 2 | C55: 0 | D55: =C55/B55 -> 0 | E55: =$D$152+3*SQRT($D$152*(1-$D$152)/B55) -> 0.67940999 | F55: =MAX(0,$D$152-3*SQRT($D$152*(1-$D$152)/B55)) -> 0 | G55: =IF(AND(D55<=E55,D55>=F55),"KONTROL İÇİNDE"," KONTROL DIŞINDA") -> KONTROL İÇİNDE
A56: 46115 | B56: 8 | C56: 0 | D56: =C56/B56 -> 0 | E56: =$D$152+3*SQRT($D$152*(1-$D$152)/B56) -> 0.38254398 | F56: =MAX(0,$D$152-3*SQRT($D$152*(1-$D$152)/B56)) -> 0 | G56: =IF(AND(D56<=E56,D56>=F56),"KONTROL İÇİNDE"," KONTROL DIŞINDA") -> KONTROL İÇİNDE
A57: 46118 | B57: 2 | C57: 0 | D57: =C57/B57 -> 0 | E57: =$D$152+3*SQRT($D$152*(1-$D$152)/B57) -> 0.67940999 | F57: =MAX(0,$D$152-3*SQRT($D$152*(1-$D$152)/B57)) -> 0 | G57: =IF(AND(D57<=E57,D57>=F57),"KONTROL İÇİNDE"," KONTROL DIŞINDA") -> KONTROL İÇİNDE
A58: 46119 | B58: 14 | C58: 0 | D58: =C58/B58 -> 0 | E58: =$D$152+3*SQRT($D$152*(1-$D$152)/B58) -> 0.31008759 | F58: =MAX(0,$D$152-3*SQRT($D$152*(1-$D$152)/B58)) -> 0 | G58: =IF(AND(D58<=E58,D58>=F58),"KONTROL İÇİNDE"," KONTROL DIŞINDA") -> KONTROL İÇİNDE
A59: 46120 | B59: 8 | C59: 0 | D59: =C59/B59 -> 0 | E59: =$D$152+3*SQRT($D$152*(1-$D$152)/B59) -> 0.38254398 | F59: =MAX(0,$D$152-3*SQRT($D$152*(1-$D$152)/B59)) -> 0 | G59: =IF(AND(D59<=E59,D59>=F59),"KONTROL İÇİNDE"," KONTROL DIŞINDA") -> KONTROL İÇİNDE
A60: 46121 | B60: 25 | C60: 0 | D60: =C60/B60 -> 0 | E60: =$D$152+3*SQRT($D$152*(1-$D$152)/B60) -> 0.25361075 | F60: =MAX(0,$D$152-3*SQRT($D$152*(1-$D$152)/B60)) -> 0 | G60: =IF(AND(D60<=E60,D60>=F60),"KONTROL İÇİNDE"," KONTROL DIŞINDA") -> KONTROL İÇİNDE
A61: 46122 | B61: 1 | C61: 0 | D61: =C61/B61 -> 0 | E61: =$D$152+3*SQRT($D$152*(1-$D$152)/B61) -> 0.92534183 | F61: =MAX(0,$D$152-3*SQRT($D$152*(1-$D$152)/B61)) -> 0 | G61: =IF(AND(D61<=E61,D61>=F61),"KONTROL İÇİNDE"," KONTROL DIŞINDA") -> KONTROL İÇİNDE
A62: 46125 | B62: 43 | C62: 0 | D62: =C62/B62 -> 0 | E62: =$D$152+3*SQRT($D$152*(1-$D$152)/B62) -> 0.21372552 | F62: =MAX(0,$D$152-3*SQRT($D$152*(1-$D$152)/B62)) -> 0 | G62: =IF(AND(D62<=E62,D62>=F62),"KONTROL İÇİNDE"," KONTROL DIŞINDA") -> KONTROL İÇİNDE
A63: 46126 | B63: 14 | C63: 0 | D63: =C63/B63 -> 0 | E63: =$D$152+3*SQRT($D$152*(1-$D$152)/B63) -> 0.31008759 | F63: =MAX(0,$D$152-3*SQRT($D$152*(1-$D$152)/B63)) -> 0 | G63: =IF(AND(D63<=E63,D63>=F63),"KONTROL İÇİNDE"," KONTROL DIŞINDA") -> KONTROL İÇİNDE
A64: 46127 | B64: 35 | C64: 27 | D64: =C64/B64 -> 0.77142857 | E64: =$D$152+3*SQRT($D$152*(1-$D$152)/B64) -> 0.22760708 | F64: =MAX(0,$D$152-3*SQRT($D$152*(1-$D$152)/B64)) -> 0 | G64: =IF(AND(D64<=E64,D64>=F64),"KONTROL İÇİNDE"," KONTROL DIŞINDA") -> KONTROL DIŞINDA | H64: Dayson Hatası
A65: 46128 | B65: 53 | C65: 0 | D65: =C65/B65 -> 0 | E65: =$D$152+3*SQRT($D$152*(1-$D$152)/B65) -> 0.20101468 | F65: =MAX(0,$D$152-3*SQRT($D$152*(1-$D$152)/B65)) -> 0 | G65: =IF(AND(D65<=E65,D65>=F65),"KONTROL İÇİNDE"," KONTROL DIŞINDA") -> KONTROL İÇİNDE
A66: 46132 | B66: 8 | C66: 0 | D66: =C66/B66 -> 0 | E66: =$D$152+3*SQRT($D$152*(1-$D$152)/B66) -> 0.38254398 | F66: =MAX(0,$D$152-3*SQRT($D$152*(1-$D$152)/B66)) -> 0 | G66: =IF(AND(D66<=E66,D66>=F66),"KONTROL İÇİNDE"," KONTROL DIŞINDA") -> KONTROL İÇİNDE
A67: 46133 | B67: 19 | C67: 0 | D67: =C67/B67 -> 0 | E67: =$D$152+3*SQRT($D$152*(1-$D$152)/B67) -> 0.27831008 | F67: =MAX(0,$D$152-3*SQRT($D$152*(1-$D$152)/B67)) -> 0 | G67: =IF(AND(D67<=E67,D67>=F67),"KONTROL İÇİNDE"," KONTROL DIŞINDA") -> KONTROL İÇİNDE
A68: 46134 | B68: 2 | C68: 0 | D68: =C68/B68 -> 0 | E68: =$D$152+3*SQRT($D$152*(1-$D$152)/B68) -> 0.67940999 | F68: =MAX(0,$D$152-3*SQRT($D$152*(1-$D$152)/B68)) -> 0 | G68: =IF(AND(D68<=E68,D68>=F68),"KONTROL İÇİNDE"," KONTROL DIŞINDA") -> KONTROL İÇİNDE
A69: 46136 | B69: 51 | C69: 0 | D69: =C69/B69 -> 0 | E69: =$D$152+3*SQRT($D$152*(1-$D$152)/B69) -> 0.20325444 | F69: =MAX(0,$D$152-3*SQRT($D$152*(1-$D$152)/B69)) -> 0 | G69: =IF(AND(D69<=E69,D69>=F69),"KONTROL İÇİNDE"," KONTROL DIŞINDA") -> KONTROL İÇİNDE
A70: 46139 | B70: 22 | C70: 0 | D70: =C70/B70 -> 0 | E70: =$D$152+3*SQRT($D$152*(1-$D$152)/B70) -> 0.26469492 | F70: =MAX(0,$D$152-3*SQRT($D$152*(1-$D$152)/B70)) -> 0 | G70: =IF(AND(D70<=E70,D70>=F70),"KONTROL İÇİNDE"," KONTROL DIŞINDA") -> KONTROL İÇİNDE
A71: 46140 | B71: 72 | C71: 0 | D71: =C71/B71 -> 0 | E71: =$D$152+3*SQRT($D$152*(1-$D$152)/B71) -> 0.18463332 | F71: =MAX(0,$D$152-3*SQRT($D$152*(1-$D$152)/B71)) -> 0 | G71: =IF(AND(D71<=E71,D71>=F71),"KONTROL İÇİNDE"," KONTROL DIŞINDA") -> KONTROL İÇİNDE
A72: 46141 | B72: 9 | C72: 0 | D72: =C72/B72 -> 0 | E72: =$D$152+3*SQRT($D$152*(1-$D$152)/B72) -> 0.36556593 | F72: =MAX(0,$D$152-3*SQRT($D$152*(1-$D$152)/B72)) -> 0 | G72: =IF(AND(D72<=E72,D72>=F72),"KONTROL İÇİNDE"," KONTROL DIŞINDA") -> KONTROL İÇİNDE
A73: 46142 | B73: 8 | C73: 0 | D73: =C73/B73 -> 0 | E73: =$D$152+3*SQRT($D$152*(1-$D$152)/B73) -> 0.38254398 | F73: =MAX(0,$D$152-3*SQRT($D$152*(1-$D$152)/B73)) -> 0 | G73: =IF(AND(D73<=E73,D73>=F73),"KONTROL İÇİNDE"," KONTROL DIŞINDA") -> KONTROL İÇİNDE
A74: 46147 | B74: 1 | C74: 0 | D74: =C74/B74 -> 0 | E74: =$D$152+3*SQRT($D$152*(1-$D$152)/B74) -> 0.92534183 | F74: =MAX(0,$D$152-3*SQRT($D$152*(1-$D$152)/B74)) -> 0 | G74: =IF(AND(D74<=E74,D74>=F74),"KONTROL İÇİNDE"," KONTROL DIŞINDA") -> KONTROL İÇİNDE
A75: 46148 | B75: 5 | C75: 0 | D75: =C75/B75 -> 0 | E75: =$D$152+3*SQRT($D$152*(1-$D$152)/B75) -> 0.46118707 | F75: =MAX(0,$D$152-3*SQRT($D$152*(1-$D$152)/B75)) -> 0 | G75: =IF(AND(D75<=E75,D75>=F75),"KONTROL İÇİNDE"," KONTROL DIŞINDA") -> KONTROL İÇİNDE
A76: 46149 | B76: 6 | C76: 0 | D76: =C76/B76 -> 0 | E76: =$D$152+3*SQRT($D$152*(1-$D$152)/B76) -> 0.42846931 | F76: =MAX(0,$D$152-3*SQRT($D$152*(1-$D$152)/B76)) -> 0 | G76: =IF(AND(D76<=E76,D76>=F76),"KONTROL İÇİNDE"," KONTROL DIŞINDA") -> KONTROL İÇİNDE
... A82: 46163 | B82: 2 | C82: 0 | D82: =C82/B82 -> 0 | E82: =$D$152+3*SQRT($D$152*(1-$D$152)/B82) -> 0.67940999 | F82: =MAX(0,$D$152-3*SQRT($D$152*(1-$D$152)/B82)) -> 0 | G82: =IF(AND(D82<=E82,D82>=F82),"KONTROL İÇİNDE"," KONTROL DIŞINDA") -> KONTROL İÇİNDE
A83: 46174 | B83: 50 | C83: 12 | D83: =C83/B83 -> 0.24 | E83: =$D$152+3*SQRT($D$152*(1-$D$152)/B83) -> 0.20442438 | F83: =MAX(0,$D$152-3*SQRT($D$152*(1-$D$152)/B83)) -> 0 | G83: =IF(AND(D83<=E83,D83>=F83),"KONTROL İÇİNDE"," KONTROL DIŞINDA") -> KONTROL DIŞINDA | H83: Dayson Hatası
A84: 46176 | B84: 8 | C84: 0 | D84: =C84/B84 -> 0 | E84: =$D$152+3*SQRT($D$152*(1-$D$152)/B84) -> 0.38254398 | F84: =MAX(0,$D$152-3*SQRT($D$152*(1-$D$152)/B84)) -> 0 | G84: =IF(AND(D84<=E84,D84>=F84),"KONTROL İÇİNDE"," KONTROL DIŞINDA") -> KONTROL İÇİNDE
A85: 46177 | B85: 18 | C85: 0 | D85: =C85/B85 -> 0 | E85: =$D$152+3*SQRT($D$152*(1-$D$152)/B85) -> 0.28358865 | F85: =MAX(0,$D$152-3*SQRT($D$152*(1-$D$152)/B85)) -> 0 | G85: =IF(AND(D85<=E85,D85>=F85),"KONTROL İÇİNDE"," KONTROL DIŞINDA") -> KONTROL İÇİNDE
A86: 46178 | B86: 6 | C86: 0 | D86: =C86/B86 -> 0 | E86: =$D$152+3*SQRT($D$152*(1-$D$152)/B86) -> 0.42846931 | F86: =MAX(0,$D$152-3*SQRT($D$152*(1-$D$152)/B86)) -> 0 | G86: =IF(AND(D86<=E86,D86>=F86),"KONTROL İÇİNDE"," KONTROL DIŞINDA") -> KONTROL İÇİNDE
A87: 46181 | B87: 35 | C87: 0 | D87: =C87/B87 -> 0 | E87: =$D$152+3*SQRT($D$152*(1-$D$152)/B87) -> 0.22760708 | F87: =MAX(0,$D$152-3*SQRT($D$152*(1-$D$152)/B87)) -> 0 | G87: =IF(AND(D87<=E87,D87>=F87),"KONTROL İÇİNDE"," KONTROL DIŞINDA") -> KONTROL İÇİNDE
A88: 46182 | B88: 13 | C88: 0 | D88: =C88/B88 -> 0 | E88: =$D$152+3*SQRT($D$152*(1-$D$152)/B88) -> 0.31855883 | F88: =MAX(0,$D$152-3*SQRT($D$152*(1-$D$152)/B88)) -> 0 | G88: =IF(AND(D88<=E88,D88>=F88),"KONTROL İÇİNDE"," KONTROL DIŞINDA") -> KONTROL İÇİNDE
A89: 46183 | B89: 67 | C89: 0 | D89: =C89/B89 -> 0 | E89: =$D$152+3*SQRT($D$152*(1-$D$152)/B89) -> 0.18825925 | F89: =MAX(0,$D$152-3*SQRT($D$152*(1-$D$152)/B89)) -> 0 | G89: =IF(AND(D89<=E89,D89>=F89),"KONTROL İÇİNDE"," KONTROL DIŞINDA") -> KONTROL İÇİNDE
A90: 46184 | B90: 147 | C90: 0 | D90: =C90/B90 -> 0 | E90: =$D$152+3*SQRT($D$152*(1-$D$152)/B90) -> 0.15493229 | F90: =MAX(0,$D$152-3*SQRT($D$152*(1-$D$152)/B90)) -> 0.016423674 | G90: =IF(AND(D90<=E90,D90>=F90),"KONTROL İÇİNDE"," KONTROL DIŞINDA") -> KONTROL DIŞINDA
A91: 46185 | B91: 4 | C91: 0 | D91: =C91/B91 -> 0 | E91: =$D$152+3*SQRT($D$152*(1-$D$152)/B91) -> 0.50550991 | F91: =MAX(0,$D$152-3*SQRT($D$152*(1-$D$152)/B91)) -> 0 | G91: =IF(AND(D91<=E91,D91>=F91),"KONTROL İÇİNDE"," KONTROL DIŞINDA") -> KONTROL İÇİNDE
A92: 46186 | B92: 15 | C92: 5 | D92: =C92/B92 -> 0.33333333 | E92: =$D$152+3*SQRT($D$152*(1-$D$152)/B92) -> 0.30247826 | F92: =MAX(0,$D$152-3*SQRT($D$152*(1-$D$152)/B92)) -> 0 | G92: =IF(AND(D92<=E92,D92>=F92),"KONTROL İÇİNDE"," KONTROL DIŞINDA") -> KONTROL DIŞINDA | H92: Dayson Hatası
A93: 46188 | B93: 5 | C93: 0 | D93: =C93/B93 -> 0 | E93: =$D$152+3*SQRT($D$152*(1-$D$152)/B93) -> 0.46118707 | F93: =MAX(0,$D$152-3*SQRT($D$152*(1-$D$152)/B93)) -> 0 | G93: =IF(AND(D93<=E93,D93>=F93),"KONTROL İÇİNDE"," KONTROL DIŞINDA") -> KONTROL İÇİNDE
A94: 46189 | B94: 19 | C94: 0 | D94: =C94/B94 -> 0 | E94: =$D$152+3*SQRT($D$152*(1-$D$152)/B94) -> 0.27831008 | F94: =MAX(0,$D$152-3*SQRT($D$152*(1-$D$152)/B94)) -> 0 | G94: =IF(AND(D94<=E94,D94>=F94),"KONTROL İÇİNDE"," KONTROL DIŞINDA") -> KONTROL İÇİNDE
A95: 46190 | B95: 9 | C95: 0 | D95: =C95/B95 -> 0 | E95: =$D$152+3*SQRT($D$152*(1-$D$152)/B95) -> 0.36556593 | F95: =MAX(0,$D$152-3*SQRT($D$152*(1-$D$152)/B95)) -> 0 | G95: =IF(AND(D95<=E95,D95>=F95),"KONTROL İÇİNDE"," KONTROL DIŞINDA") -> KONTROL İÇİNDE
A96: 46191 | B96: 7 | C96: 0 | D96: =C96/B96 -> 0 | E96: =$D$152+3*SQRT($D$152*(1-$D$152)/B96) -> 0.40304109 | F96: =MAX(0,$D$152-3*SQRT($D$152*(1-$D$152)/B96)) -> 0 | G96: =IF(AND(D96<=E96,D96>=F96),"KONTROL İÇİNDE"," KONTROL DIŞINDA") -> KONTROL İÇİNDE
A97: 46192 | B97: 30 | C97: 0 | D97: =C97/B97 -> 0 | E97: =$D$152+3*SQRT($D$152*(1-$D$152)/B97) -> 0.23897893 | F97: =MAX(0,$D$152-3*SQRT($D$152*(1-$D$152)/B97)) -> 0 | G97: =IF(AND(D97<=E97,D97>=F97),"KONTROL İÇİNDE"," KONTROL DIŞINDA") -> KONTROL İÇİNDE
A98: 46195 | B98: 3 | C98: 0 | D98: =C98/B98 -> 0 | E98: =$D$152+3*SQRT($D$152*(1-$D$152)/B98) -> 0.57045813 | F98: =MAX(0,$D$152-3*SQRT($D$152*(1-$D$152)/B98)) -> 0 | G98: =IF(AND(D98<=E98,D98>=F98),"KONTROL İÇİNDE"," KONTROL DIŞINDA") -> KONTROL İÇİNDE
A99: 46196 | B99: 68 | C99: 0 | D99: =C99/B99 -> 0 | E99: =$D$152+3*SQRT($D$152*(1-$D$152)/B99) -> 0.18750218 | F99: =MAX(0,$D$152-3*SQRT($D$152*(1-$D$152)/B99)) -> 0 | G99: =IF(AND(D99<=E99,D99>=F99),"KONTROL İÇİNDE"," KONTROL DIŞINDA") -> KONTROL İÇİNDE
A100: 46197 | B100: 12 | C100: 0 | D100: =C100/B100 -> 0 | E100: =$D$152+3*SQRT($D$152*(1-$D$152)/B100) -> 0.32806806 | F100: =MAX(0,$D$152-3*SQRT($D$152*(1-$D$152)/B100)) -> 0 | G100: =IF(AND(D100<=E100,D100>=F100),"KONTROL İÇİNDE"," KONTROL DIŞINDA") -> KONTROL İÇİNDE
A101: 46198 | B101: 72 | C101: 15 | D101: =C101/B101 -> 0.20833333 | E101: =$D$152+3*SQRT($D$152*(1-$D$152)/B101) -> 0.18463332 | F101: =MAX(0,$D$152-3*SQRT($D$152*(1-$D$152)/B101)) -> 0 | G101: =IF(AND(D101<=E101,D101>=F101),"KONTROL İÇİNDE"," KONTROL DIŞINDA") -> KONTROL DIŞINDA | H101: Dayson Hatası
A102: 46199 | B102: 3 | C102: 0 | D102: =C102/B102 -> 0 | E102: =$D$152+3*SQRT($D$152*(1-$D$152)/B102) -> 0.57045813 | F102: =MAX(0,$D$152-3*SQRT($D$152*(1-$D$152)/B102)) -> 0 | G102: =IF(AND(D102<=E102,D102>=F102),"KONTROL İÇİNDE"," KONTROL DIŞINDA") -> KONTROL İÇİNDE
A103: 46203 | B103: 12 | C103: 0 | D103: =C103/B103 -> 0 | E103: =$D$152+3*SQRT($D$152*(1-$D$152)/B103) -> 0.32806806 | F103: =MAX(0,$D$152-3*SQRT($D$152*(1-$D$152)/B103)) -> 0 | G103: =IF(AND(D103<=E103,D103>=F103),"KONTROL İÇİNDE"," KONTROL DIŞINDA") -> KONTROL İÇİNDE
A104: 46205 | B104: 16 | C104: 0 | D104: =C104/B104 -> 0 | E104: =$D$152+3*SQRT($D$152*(1-$D$152)/B104) -> 0.29559394 | F104: =MAX(0,$D$152-3*SQRT($D$152*(1-$D$152)/B104)) -> 0 | G104: =IF(AND(D104<=E104,D104>=F104),"KONTROL İÇİNDE"," KONTROL DIŞINDA") -> KONTROL İÇİNDE
A105: 46206 | B105: 27 | C105: 0 | D105: =C105/B105 -> 0 | E105: =$D$152+3*SQRT($D$152*(1-$D$152)/B105) -> 0.24727137 | F105: =MAX(0,$D$152-3*SQRT($D$152*(1-$D$152)/B105)) -> 0 | G105: =IF(AND(D105<=E105,D105>=F105),"KONTROL İÇİNDE"," KONTROL DIŞINDA") -> KONTROL İÇİNDE
A106: 46207 | B106: 224 | C106: 0 | D106: =C106/B106 -> 0 | E106: =$D$152+3*SQRT($D$152*(1-$D$152)/B106) -> 0.14178038 | F106: =MAX(0,$D$152-3*SQRT($D$152*(1-$D$152)/B106)) -> 0.029575581 | G106: =IF(AND(D106<=E106,D106>=F106),"KONTROL İÇİNDE"," KONTROL DIŞINDA") -> KONTROL DIŞINDA | H106: Dayson Hatası
A107: 46209 | B107: 174 | C107: 31 | D107: =C107/B107 -> 0.17816092 | E107: =$D$152+3*SQRT($D$152*(1-$D$152)/B107) -> 0.14933273 | F107: =MAX(0,$D$152-3*SQRT($D$152*(1-$D$152)/B107)) -> 0.022023229 | G107: =IF(AND(D107<=E107,D107>=F107),"KONTROL İÇİNDE"," KONTROL DIŞINDA") -> KONTROL DIŞINDA | H107: Dayson Hatası
A108: 46210 | B108: 11 | C108: 0 | D108: =C108/B108 -> 0 | E108: =$D$152+3*SQRT($D$152*(1-$D$152)/B108) -> 0.33884616 | F108: =MAX(0,$D$152-3*SQRT($D$152*(1-$D$152)/B108)) -> 0 | G108: =IF(AND(D108<=E108,D108>=F108),"KONTROL İÇİNDE"," KONTROL DIŞINDA") -> KONTROL İÇİNDE
A109: 46211 | B109: 60 | C109: 0 | D109: =C109/B109 -> 0 | E109: =$D$152+3*SQRT($D$152*(1-$D$152)/B109) -> 0.19407812 | F109: =MAX(0,$D$152-3*SQRT($D$152*(1-$D$152)/B109)) -> 0 | G109: =IF(AND(D109<=E109,D109>=F109),"KONTROL İÇİNDE"," KONTROL DIŞINDA") -> KONTROL İÇİNDE
A110: 46212 | B110: 41 | C110: 0 | D110: =C110/B110 -> 0 | E110: =$D$152+3*SQRT($D$152*(1-$D$152)/B110) -> 0.21681144 | F110: =MAX(0,$D$152-3*SQRT($D$152*(1-$D$152)/B110)) -> 0 | G110: =IF(AND(D110<=E110,D110>=F110),"KONTROL İÇİNDE"," KONTROL DIŞINDA") -> KONTROL İÇİNDE
A111: 46213 | B111: 4 | C111: 0 | D111: =C111/B111 -> 0 | E111: =$D$152+3*SQRT($D$152*(1-$D$152)/B111) -> 0.50550991 | F111: =MAX(0,$D$152-3*SQRT($D$152*(1-$D$152)/B111)) -> 0 | G111: =IF(AND(D111<=E111,D111>=F111),"KONTROL İÇİNDE"," KONTROL DIŞINDA") -> KONTROL İÇİNDE
A112: 46216 | B112: 103 | C112: 10 | D112: =C112/B112 -> 0.097087379 | E112: =$D$152+3*SQRT($D$152*(1-$D$152)/B112) -> 0.16841252 | F112: =MAX(0,$D$152-3*SQRT($D$152*(1-$D$152)/B112)) -> 0.0029434437 | G112: =IF(AND(D112<=E112,D112>=F112),"KONTROL İÇİNDE"," KONTROL DIŞINDA") -> KONTROL İÇİNDE
A113: 46217 | B113: 8 | C113: 0 | D113: =C113/B113 -> 0 | E113: =$D$152+3*SQRT($D$152*(1-$D$152)/B113) -> 0.38254398 | F113: =MAX(0,$D$152-3*SQRT($D$152*(1-$D$152)/B113)) -> 0 | G113: =IF(AND(D113<=E113,D113>=F113),"KONTROL İÇİNDE"," KONTROL DIŞINDA") -> KONTROL İÇİNDE
A114: 46219 | B114: 40 | C114: 0 | D114: =C114/B114 -> 0 | E114: =$D$152+3*SQRT($D$152*(1-$D$152)/B114) -> 0.21844049 | F114: =MAX(0,$D$152-3*SQRT($D$152*(1-$D$152)/B114)) -> 0 | G114: =IF(AND(D114<=E114,D114>=F114),"KONTROL İÇİNDE"," KONTROL DIŞINDA") -> KONTROL İÇİNDE
A115: 46220 | B115: 9 | C115: 0 | D115: =C115/B115 -> 0 | E115: =$D$152+3*SQRT($D$152*(1-$D$152)/B115) -> 0.36556593 | F115: =MAX(0,$D$152-3*SQRT($D$152*(1-$D$152)/B115)) -> 0 | G115: =IF(AND(D115<=E115,D115>=F115),"KONTROL İÇİNDE"," KONTROL DIŞINDA") -> KONTROL İÇİNDE
...

Sheet Kozmetik Hata
A1: AY | B1: KONTROL TARİHİ | C1: ÜRÜN GRUBU | D1: KONTROL EDİLEN ÜRÜN ADEDİ | E1: HATALI ÜRÜN ADEDİ | F1: P BAR | G1: UCL | H1: LCL | I1: KONTROL
A2: OCAK | B2: 46028 | C2: 4 | D2: 4 | E2: 2 | F2: =E2/D2 -> 0.5 | G2: =$F$152+3*SQRT($F$152*(1-$F$152)/D2) -> 0.17194422 | H2: =MAX(0,$F$152-3*SQRT($F$152*(1-$F$152)/D2)) -> 0 | I2: =IF(AND(F2<=G2,F2>=H2),"KONTROL İÇİNDE"," KONTROL DIŞINDA") -> KONTROL DIŞINDA | J2: 2 Adet albedo kutudaki çizikten dolayı değiştirildi
A3: OCAK | B3: 46029 | C3: 2 | D3: 2 | E3: 0 | F3: =E3/D3 -> 0 | G3: =$F$152+3*SQRT($F$152*(1-$F$152)/D3) -> 0.23837528 | H3: =MAX(0,$F$152-3*SQRT($F$152*(1-$F$152)/D3)) -> 0 | I3: =IF(AND(F3<=G3,F3>=H3),"KONTROL İÇİNDE"," KONTROL DIŞINDA") -> KONTROL İÇİNDE
A4: OCAK | B4: 46030 | C4: 34 | D4: 34 | E4: 0 | F4: =E4/D4 -> 0 | G4: =$F$152+3*SQRT($F$152*(1-$F$152)/D4) -> 0.066574928 | H4: =MAX(0,$F$152-3*SQRT($F$152*(1-$F$152)/D4)) -> 0 | I4: =IF(AND(F4<=G4,F4>=H4),"KONTROL İÇİNDE"," KONTROL DIŞINDA") -> KONTROL İÇİNDE
A5: OCAK | B5: 46031 | C5: 4 | D5: 4 | E5: 1 | F5: =E5/D5 -> 0.25 | G5: =$F$152+3*SQRT($F$152*(1-$F$152)/D5) -> 0.17194422 | H5: =MAX(0,$F$152-3*SQRT($F$152*(1-$F$152)/D5)) -> 0 | I5: =IF(AND(F5<=G5,F5>=H5),"KONTROL İÇİNDE"," KONTROL DIŞINDA") -> KONTROL DIŞINDA | J5: Yön Kablosu Üzerinde Derin Kesik ve Ezik İzleri Var Furkan Cnabay ın Onayı Gitti -Üretim Hatası
A6: OCAK | B6: 46034 | C6: 2 | D6: 2 | E6: 2 | F6: =E6/D6 -> 1 | G6: =$F$152+3*SQRT($F$152*(1-$F$152)/D6) -> 0.23837528 | H6: =MAX(0,$F$152-3*SQRT($F$152*(1-$F$152)/D6)) -> 0 | I6: =IF(AND(F6<=G6,F6>=H6),"KONTROL İÇİNDE"," KONTROL DIŞINDA") -> KONTROL DIŞINDA | J6: Ürünlerin Mekanik Yapısında Çizik Var Furkan Canbay ın Onayı İle Gitti
A7: ŞUBAT | B7: 46035 | C7: 81 | D7: 81 | E7: 0 | F7: =E7/D7 -> 0 | G7: =$F$152+3*SQRT($F$152*(1-$F$152)/D7) -> 0.047205192 | H7: =MAX(0,$F$152-3*SQRT($F$152*(1-$F$152)/D7)) -> 0 | I7: =IF(AND(F7<=G7,F7>=H7),"KONTROL İÇİNDE"," KONTROL DIŞINDA") -> KONTROL İÇİNDE
A8: ŞUBAT | B8: 46036 | C8: 34 | D8: 34 | E8: 2 | F8: =E8/D8 -> 0.058823529 | G8: =$F$152+3*SQRT($F$152*(1-$F$152)/D8) -> 0.066574928 | H8: =MAX(0,$F$152-3*SQRT($F$152*(1-$F$152)/D8)) -> 0 | I8: =IF(AND(F8<=G8,F8>=H8),"KONTROL İÇİNDE"," KONTROL DIŞINDA") -> KONTROL İÇİNDE
A9: MART | B9: 46037 | C9: 6 | D9: 6 | E9: 0 | F9: =E9/D9 -> 0 | G9: =$F$152+3*SQRT($F$152*(1-$F$152)/D9) -> 0.14251417 | H9: =MAX(0,$F$152-3*SQRT($F$152*(1-$F$152)/D9)) -> 0 | I9: =IF(AND(F9<=G9,F9>=H9),"KONTROL İÇİNDE"," KONTROL DIŞINDA") -> KONTROL İÇİNDE
A10: MART | B10: 46038 | C10: 2 | D10: 2 | E10: 0 | F10: =E10/D10 -> 0 | G10: =$F$152+3*SQRT($F$152*(1-$F$152)/D10) -> 0.23837528 | H10: =MAX(0,$F$152-3*SQRT($F$152*(1-$F$152)/D10)) -> 0 | I10: =IF(AND(F10<=G10,F10>=H10),"KONTROL İÇİNDE"," KONTROL DIŞINDA") -> KONTROL İÇİNDE
A11: MART | B11: 46041 | C11: 14 | D11: 14 | E11: 2 | F11: =E11/D11 -> 0.14285714 | G11: =$F$152+3*SQRT($F$152*(1-$F$152)/D11) -> 0.097291519 | H11: =MAX(0,$F$152-3*SQRT($F$152*(1-$F$152)/D11)) -> 0 | I11: =IF(AND(F11<=G11,F11>=H11),"KONTROL İÇİNDE"," KONTROL DIŞINDA") -> KONTROL DIŞINDA | J11: Mekanik Yapıda Çizik Var Furkan Canbay ın Onayı İle Gitti-Sertifika Proğramı Sisteme Yüklenmediği İçin Sertifikaları Alınamadı
A12: MART | B12: 46043 | C12: 316 | D12: 316 | E12: 0 | F12: =E12/D12 -> 0 | G12: =$F$152+3*SQRT($F$152*(1-$F$152)/D12) -> 0.029609488 | H12: =MAX(0,$F$152-3*SQRT($F$152*(1-$F$152)/D12)) -> 0 | I12: =IF(AND(F12<=G12,F12>=H12),"KONTROL İÇİNDE"," KONTROL DIŞINDA") -> KONTROL İÇİNDE
A13: MART | B13: 46045 | C13: 9 | D13: 9 | E13: 1 | F13: =E13/D13 -> 0.11111111 | G13: =$F$152+3*SQRT($F$152*(1-$F$152)/D13) -> 0.11848464 | H13: =MAX(0,$F$152-3*SQRT($F$152*(1-$F$152)/D13)) -> 0 | I13: =IF(AND(F13<=G13,F13>=H13),"KONTROL İÇİNDE"," KONTROL DIŞINDA") -> KONTROL İÇİNDE
A14: MAYIS | B14: 46048 | C14: 2 | D14: 2 | E14: 0 | F14: =E14/D14 -> 0 | G14: =$F$152+3*SQRT($F$152*(1-$F$152)/D14) -> 0.23837528 | H14: =MAX(0,$F$152-3*SQRT($F$152*(1-$F$152)/D14)) -> 0 | I14: =IF(AND(F14<=G14,F14>=H14),"KONTROL İÇİNDE"," KONTROL DIŞINDA") -> KONTROL İÇİNDE
A15: HAZİRAN | B15: 46050 | C15: 205 | D15: 205 | E15: 0 | F15: =E15/D15 -> 0 | G15: =$F$152+3*SQRT($F$152*(1-$F$152)/D15) -> 0.033968145 | H15: =MAX(0,$F$152-3*SQRT($F$152*(1-$F$152)/D15)) -> 0 | I15: =IF(AND(F15<=G15,F15>=H15),"KONTROL İÇİNDE"," KONTROL DIŞINDA") -> KONTROL İÇİNDE
A16: HAZİRAN | B16: 46052 | C16: 6 | D16: 6 | E16: 0 | F16: =E16/D16 -> 0 | G16: =$F$152+3*SQRT($F$152*(1-$F$152)/D16) -> 0.14251417 | H16: =MAX(0,$F$152-3*SQRT($F$152*(1-$F$152)/D16)) -> 0 | I16: =IF(AND(F16<=G16,F16>=H16),"KONTROL İÇİNDE"," KONTROL DIŞINDA") -> KONTROL İÇİNDE
B17: 46055 | C17: 47 | D17: 47 | E17: 2 | F17: =E17/D17 -> 0.042553191 | G17: =$F$152+3*SQRT($F$152*(1-$F$152)/D17) -> 0.05835276 | H17: =MAX(0,$F$152-3*SQRT($F$152*(1-$F$152)/D17)) -> 0 | I17: =IF(AND(F17<=G17,F17>=H17),"KONTROL İÇİNDE"," KONTROL DIŞINDA") -> KONTROL İÇİNDE
B18: 46056 | C18: 1 | D18: 1 | E18: 0 | F18: =E18/D18 -> 0 | G18: =$F$152+3*SQRT($F$152*(1-$F$152)/D18) -> 0.33232298 | H18: =MAX(0,$F$152-3*SQRT($F$152*(1-$F$152)/D18)) -> 0 | I18: =IF(AND(F18<=G18,F18>=H18),"KONTROL İÇİNDE"," KONTROL DIŞINDA") -> KONTROL İÇİNDE
B19: 46057 | C19: 7 | D19: 7 | E19: 0 | F19: =E19/D19 -> 0 | G19: =$F$152+3*SQRT($F$152*(1-$F$152)/D19) -> 0.13280041 | H19: =MAX(0,$F$152-3*SQRT($F$152*(1-$F$152)/D19)) -> 0 | I19: =IF(AND(F19<=G19,F19>=H19),"KONTROL İÇİNDE"," KONTROL DIŞINDA") -> KONTROL İÇİNDE
B20: 46058 | C20: 6 | D20: 6 | E20: 0 | F20: =E20/D20 -> 0 | G20: =$F$152+3*SQRT($F$152*(1-$F$152)/D20) -> 0.14251417 | H20: =MAX(0,$F$152-3*SQRT($F$152*(1-$F$152)/D20)) -> 0 | I20: =IF(AND(F20<=G20,F20>=H20),"KONTROL İÇİNDE"," KONTROL DIŞINDA") -> KONTROL İÇİNDE
B21: 46059 | C21: 7 | D21: 7 | E21: 0 | F21: =E21/D21 -> 0 | G21: =$F$152+3*SQRT($F$152*(1-$F$152)/D21) -> 0.13280041 | H21: =MAX(0,$F$152-3*SQRT($F$152*(1-$F$152)/D21)) -> 0 | I21: =IF(AND(F21<=G21,F21>=H21),"KONTROL İÇİNDE"," KONTROL DIŞINDA") -> KONTROL İÇİNDE
B22: 46062 | C22: 45 | D22: 45 | E22: 1 | F22: =E22/D22 -> 0.022222222 | G22: =$F$152+3*SQRT($F$152*(1-$F$152)/D22) -> 0.059381175 | H22: =MAX(0,$F$152-3*SQRT($F$152*(1-$F$152)/D22)) -> 0 | I22: =IF(AND(F22<=G22,F22>=H22),"KONTROL İÇİNDE"," KONTROL DIŞINDA") -> KONTROL İÇİNDE
B23: 46063 | C23: 4 | D23: 4 | E23: 0 | F23: =E23/D23 -> 0 | G23: =$F$152+3*SQRT($F$152*(1-$F$152)/D23) -> 0.17194422 | H23: =MAX(0,$F$152-3*SQRT($F$152*(1-$F$152)/D23)) -> 0 | I23: =IF(AND(F23<=G23,F23>=H23),"KONTROL İÇİNDE"," KONTROL DIŞINDA") -> KONTROL İÇİNDE
B24: 46064 | C24: 2 | D24: 2 | E24: 0 | F24: =E24/D24 -> 0 | G24: =$F$152+3*SQRT($F$152*(1-$F$152)/D24) -> 0.23837528 | H24: =MAX(0,$F$152-3*SQRT($F$152*(1-$F$152)/D24)) -> 0 | I24: =IF(AND(F24<=G24,F24>=H24),"KONTROL İÇİNDE"," KONTROL DIŞINDA") -> KONTROL İÇİNDE
B25: 46065 | C25: 86 | D25: 86 | E25: 0 | F25: =E25/D25 -> 0 | G25: =$F$152+3*SQRT($F$152*(1-$F$152)/D25) -> 0.04615364 | H25: =MAX(0,$F$152-3*SQRT($F$152*(1-$F$152)/D25)) -> 0 | I25: =IF(AND(F25<=G25,F25>=H25),"KONTROL İÇİNDE"," KONTROL DIŞINDA") -> KONTROL İÇİNDE
B26: 46066 | C26: 16 | D26: 16 | E26: 0 | F26: =E26/D26 -> 0 | G26: =$F$152+3*SQRT($F$152*(1-$F$152)/D26) -> 0.091754846 | H26: =MAX(0,$F$152-3*SQRT($F$152*(1-$F$152)/D26)) -> 0 | I26: =IF(AND(F26<=G26,F26>=H26),"KONTROL İÇİNDE"," KONTROL DIŞINDA") -> KONTROL İÇİNDE
B27: 46069 | C27: 7 | D27: 7 | E27: 0 | F27: =E27/D27 -> 0 | G27: =$F$152+3*SQRT($F$152*(1-$F$152)/D27) -> 0.13280041 | H27: =MAX(0,$F$152-3*SQRT($F$152*(1-$F$152)/D27)) -> 0 | I27: =IF(AND(F27<=G27,F27>=H27),"KONTROL İÇİNDE"," KONTROL DIŞINDA") -> KONTROL İÇİNDE
B28: 46070 | C28: 11 | D28: 11 | E28: 0 | F28: =E28/D28 -> 0 | G28: =$F$152+3*SQRT($F$152*(1-$F$152)/D28) -> 0.1082775 | H28: =MAX(0,$F$152-3*SQRT($F$152*(1-$F$152)/D28)) -> 0 | I28: =IF(AND(F28<=G28,F28>=H28),"KONTROL İÇİNDE"," KONTROL DIŞINDA") -> KONTROL İÇİNDE
... B35: 46081 | C35: 28 | D35: 28 | E35: 0 | F35: =E35/D35 -> 0 | G35: =$F$152+3*SQRT($F$152*(1-$F$152)/D35) -> 0.07218294 | H35: =MAX(0,$F$152-3*SQRT($F$152*(1-$F$152)/D35)) -> 0 | I35: =IF(AND(F35<=G35,F35>=H35),"KONTROL İÇİNDE"," KONTROL DIŞINDA") -> KONTROL İÇİNDE
B36: 46083 | C36: 7 | D36: 7 | E36: 1 | F36: =E36/D36 -> 0.14285714 | G36: =$F$152+3*SQRT($F$152*(1-$F$152)/D36) -> 0.13280041 | H36: =MAX(0,$F$152-3*SQRT($F$152*(1-$F$152)/D36)) -> 0 | I36: =IF(AND(F36<=G36,F36>=H36),"KONTROL İÇİNDE"," KONTROL DIŞINDA") -> KONTROL DIŞINDA | J36: Mekanik Yapıda Çizikler Var
B37: 46084 | C37: 197 | D37: 197 | E37: 5 | F37: =E37/D37 -> 0.025380711 | G37: =$F$152+3*SQRT($F$152*(1-$F$152)/D37) -> 0.034418495 | H37: =MAX(0,$F$152-3*SQRT($F$152*(1-$F$152)/D37)) -> 0 | I37: =IF(AND(F37<=G37,F37>=H37),"KONTROL İÇİNDE"," KONTROL DIŞINDA") -> KONTROL İÇİNDE
B38: 46086 | C38: 5 | D38: 5 | E38: 0 | F38: =E38/D38 -> 0 | G38: =$F$152+3*SQRT($F$152*(1-$F$152)/D38) -> 0.15501259 | H38: =MAX(0,$F$152-3*SQRT($F$152*(1-$F$152)/D38)) -> 0 | I38: =IF(AND(F38<=G38,F38>=H38),"KONTROL İÇİNDE"," KONTROL DIŞINDA") -> KONTROL İÇİNDE
B39: 46087 | C39: 2 | D39: 2 | E39: 0 | F39: =E39/D39 -> 0 | G39: =$F$152+3*SQRT($F$152*(1-$F$152)/D39) -> 0.23837528 | H39: =MAX(0,$F$152-3*SQRT($F$152*(1-$F$152)/D39)) -> 0 | I39: =IF(AND(F39<=G39,F39>=H39),"KONTROL İÇİNDE"," KONTROL DIŞINDA") -> KONTROL İÇİNDE
B40: 46090 | C40: 2 | D40: 2 | E40: 0 | F40: =E40/D40 -> 0 | G40: =$F$152+3*SQRT($F$152*(1-$F$152)/D40) -> 0.23837528 | H40: =MAX(0,$F$152-3*SQRT($F$152*(1-$F$152)/D40)) -> 0 | I40: =IF(AND(F40<=G40,F40>=H40),"KONTROL İÇİNDE"," KONTROL DIŞINDA") -> KONTROL İÇİNDE
B41: 46091 | C41: 32 | D41: 32 | E41: 3 | F41: =E41/D41 -> 0.09375 | G41: =$F$152+3*SQRT($F$152*(1-$F$152)/D41) -> 0.068267921 | H41: =MAX(0,$F$152-3*SQRT($F$152*(1-$F$152)/D41)) -> 0 | I41: =IF(AND(F41<=G41,F41>=H41),"KONTROL İÇİNDE"," KONTROL DIŞINDA") -> KONTROL DIŞINDA | J41: Cam Kırık
B42: 46092 | C42: 9 | D42: 9 | E42: 0 | F42: =E42/D42 -> 0 | G42: =$F$152+3*SQRT($F$152*(1-$F$152)/D42) -> 0.11848464 | H42: =MAX(0,$F$152-3*SQRT($F$152*(1-$F$152)/D42)) -> 0 | I42: =IF(AND(F42<=G42,F42>=H42),"KONTROL İÇİNDE"," KONTROL DIŞINDA") -> KONTROL İÇİNDE
B43: 46093 | C43: 23 | D43: 23 | E43: 0 | F43: =E43/D43 -> 0 | G43: =$F$152+3*SQRT($F$152*(1-$F$152)/D43) -> 0.078448033 | H43: =MAX(0,$F$152-3*SQRT($F$152*(1-$F$152)/D43)) -> 0 | I43: =IF(AND(F43<=G43,F43>=H43),"KONTROL İÇİNDE"," KONTROL DIŞINDA") -> KONTROL İÇİNDE
B44: 46094 | C44: 1 | D44: 1 | E44: 0 | F44: =E44/D44 -> 0 | G44: =$F$152+3*SQRT($F$152*(1-$F$152)/D44) -> 0.33232298 | H44: =MAX(0,$F$152-3*SQRT($F$152*(1-$F$152)/D44)) -> 0 | I44: =IF(AND(F44<=G44,F44>=H44),"KONTROL İÇİNDE"," KONTROL DIŞINDA") -> KONTROL İÇİNDE
B45: 46096 | C45: 1 | D45: 1 | E45: 0 | F45: =E45/D45 -> 0 | G45: =$F$152+3*SQRT($F$152*(1-$F$152)/D45) -> 0.33232298 | H45: =MAX(0,$F$152-3*SQRT($F$152*(1-$F$152)/D45)) -> 0 | I45: =IF(AND(F45<=G45,F45>=H45),"KONTROL İÇİNDE"," KONTROL DIŞINDA") -> KONTROL İÇİNDE
B46: 46097 | C46: 33 | D46: 33 | E46: 0 | F46: =E46/D46 -> 0 | G46: =$F$152+3*SQRT($F$152*(1-$F$152)/D46) -> 0.067402184 | H46: =MAX(0,$F$152-3*SQRT($F$152*(1-$F$152)/D46)) -> 0 | I46: =IF(AND(F46<=G46,F46>=H46),"KONTROL İÇİNDE"," KONTROL DIŞINDA") -> KONTROL İÇİNDE
B47: 46098 | C47: 27 | D47: 27 | E47: 2 | F47: =E47/D47 -> 0.074074074 | G47: =$F$152+3*SQRT($F$152*(1-$F$152)/D47) -> 0.07329528 | H47: =MAX(0,$F$152-3*SQRT($F$152*(1-$F$152)/D47)) -> 0 | I47: =IF(AND(F47<=G47,F47>=H47),"KONTROL İÇİNDE"," KONTROL DIŞINDA") -> KONTROL DIŞINDA | J47: Cam ve Kutuda Çizik Var Furkan Canbay ın Onayı İle Gitti
B48: 46099 | C48: 30 | D48: 30 | E48: 0 | F48: =E48/D48 -> 0 | G48: =$F$152+3*SQRT($F$152*(1-$F$152)/D48) -> 0.07012751 | H48: =MAX(0,$F$152-3*SQRT($F$152*(1-$F$152)/D48)) -> 0 | I48: =IF(AND(F48<=G48,F48>=H48),"KONTROL İÇİNDE"," KONTROL DIŞINDA") -> KONTROL İÇİNDE
B49: 46101 | C49: 1 | D49: 1 | E49: 0 | F49: =E49/D49 -> 0 | G49: =$F$152+3*SQRT($F$152*(1-$F$152)/D49) -> 0.33232298 | H49: =MAX(0,$F$152-3*SQRT($F$152*(1-$F$152)/D49)) -> 0 | I49: =IF(AND(F49<=G49,F49>=H49),"KONTROL İÇİNDE"," KONTROL DIŞINDA") -> KONTROL İÇİNDE
B50: 46104 | C50: 106 | D50: 106 | E50: 21 | F50: =E50/D50 -> 0.19811321 | G50: =$F$152+3*SQRT($F$152*(1-$F$152)/D50) -> 0.042720192 | H50: =MAX(0,$F$152-3*SQRT($F$152*(1-$F$152)/D50)) -> 0 | I50: =IF(AND(F50<=G50,F50>=H50),"KONTROL İÇİNDE"," KONTROL DIŞINDA") -> KONTROL DIŞINDA | J50: Camda Kırık Var Furkan Canbay ın Onayı İle Gönderildi, Cam Çizik, Ürün Değiştirildi, İşlem Sırasında Mıknatıs Yuvaları Çatladı
B51: 46105 | C51: 100 | D51: 100 | E51: 0 | F51: =E51/D51 -> 0 | G51: =$F$152+3*SQRT($F$152*(1-$F$152)/D51) -> 0.04364122 | H51: =MAX(0,$F$152-3*SQRT($F$152*(1-$F$152)/D51)) -> 0 | I51: =IF(AND(F51<=G51,F51>=H51),"KONTROL İÇİNDE"," KONTROL DIŞINDA") -> KONTROL İÇİNDE
B52: 46106 | C52: 55 | D52: 55 | E52: 0 | F52: =E52/D52 -> 0 | G52: =$F$152+3*SQRT($F$152*(1-$F$152)/D52) -> 0.054816402 | H52: =MAX(0,$F$152-3*SQRT($F$152*(1-$F$152)/D52)) -> 0 | I52: =IF(AND(F52<=G52,F52>=H52),"KONTROL İÇİNDE"," KONTROL DIŞINDA") -> KONTROL İÇİNDE
B53: 46107 | C53: 1 | D53: 1 | E53: 0 | F53: =E53/D53 -> 0 | G53: =$F$152+3*SQRT($F$152*(1-$F$152)/D53) -> 0.33232298 | H53: =MAX(0,$F$152-3*SQRT($F$152*(1-$F$152)/D53)) -> 0 | I53: =IF(AND(F53<=G53,F53>=H53),"KONTROL İÇİNDE"," KONTROL DIŞINDA") -> KONTROL İÇİNDE
B54: 46108 | C54: 23 | D54: 23 | E54: 0 | F54: =E54/D54 -> 0 | G54: =$F$152+3*SQRT($F$152*(1-$F$152)/D54) -> 0.078448033 | H54: =MAX(0,$F$152-3*SQRT($F$152*(1-$F$152)/D54)) -> 0 | I54: =IF(AND(F54<=G54,F54>=H54),"KONTROL İÇİNDE"," KONTROL DIŞINDA") -> KONTROL İÇİNDE
B55: 46111 | C55: 2 | D55: 2 | E55: 0 | F55: =E55/D55 -> 0 | G55: =$F$152+3*SQRT($F$152*(1-$F$152)/D55) -> 0.23837528 | H55: =MAX(0,$F$152-3*SQRT($F$152*(1-$F$152)/D55)) -> 0 | I55: =IF(AND(F55<=G55,F55>=H55),"KONTROL İÇİNDE"," KONTROL DIŞINDA") -> KONTROL İÇİNDE
B56: 46112 | C56: 1 | D56: 1 | E56: 0 | F56: =E56/D56 -> 0 | G56: =$F$152+3*SQRT($F$152*(1-$F$152)/D56) -> 0.33232298 | H56: =MAX(0,$F$152-3*SQRT($F$152*(1-$F$152)/D56)) -> 0 | I56: =IF(AND(F56<=G56,F56>=H56),"KONTROL İÇİNDE"," KONTROL DIŞINDA") -> KONTROL İÇİNDE
B57: 46113 | C57: 2 | D57: 2 | E57: 0 | F57: =E57/D57 -> 0 | G57: =$F$152+3*SQRT($F$152*(1-$F$152)/D57) -> 0.23837528 | H57: =MAX(0,$F$152-3*SQRT($F$152*(1-$F$152)/D57)) -> 0 | I57: =IF(AND(F57<=G57,F57>=H57),"KONTROL İÇİNDE"," KONTROL DIŞINDA") -> KONTROL İÇİNDE
B58: 46115 | C58: 8 | D58: 8 | E58: 0 | F58: =E58/D58 -> 0 | G58: =$F$152+3*SQRT($F$152*(1-$F$152)/D58) -> 0.12497037 | H58: =MAX(0,$F$152-3*SQRT($F$152*(1-$F$152)/D58)) -> 0 | I58: =IF(AND(F58<=G58,F58>=H58),"KONTROL İÇİNDE"," KONTROL DIŞINDA") -> KONTROL İÇİNDE
B59: 46118 | C59: 2 | D59: 2 | E59: 0 | F59: =E59/D59 -> 0 | G59: =$F$152+3*SQRT($F$152*(1-$F$152)/D59) -> 0.23837528 | H59: =MAX(0,$F$152-3*SQRT($F$152*(1-$F$152)/D59)) -> 0 | I59: =IF(AND(F59<=G59,F59>=H59),"KONTROL İÇİNDE"," KONTROL DIŞINDA") -> KONTROL İÇİNDE
B60: 46119 | C60: 14 | D60: 14 | E60: 0 | F60: =E60/D60 -> 0 | G60: =$F$152+3*SQRT($F$152*(1-$F$152)/D60) -> 0.097291519 | H60: =MAX(0,$F$152-3*SQRT($F$152*(1-$F$152)/D60)) -> 0 | I60: =IF(AND(F60<=G60,F60>=H60),"KONTROL İÇİNDE"," KONTROL DIŞINDA") -> KONTROL İÇİNDE
B61: 46120 | C61: 8 | D61: 8 | E61: 0 | F61: =E61/D61 -> 0 | G61: =$F$152+3*SQRT($F$152*(1-$F$152)/D61) -> 0.12497037 | H61: =MAX(0,$F$152-3*SQRT($F$152*(1-$F$152)/D61)) -> 0 | I61: =IF(AND(F61<=G61,F61>=H61),"KONTROL İÇİNDE"," KONTROL DIŞINDA") -> KONTROL İÇİNDE
B62: 46121 | C62: 25 | D62: 25 | E62: 0 | F62: =E62/D62 -> 0 | G62: =$F$152+3*SQRT($F$152*(1-$F$152)/D62) -> 0.07571697 | H62: =MAX(0,$F$152-3*SQRT($F$152*(1-$F$152)/D62)) -> 0 | I62: =IF(AND(F62<=G62,F62>=H62),"KONTROL İÇİNDE"," KONTROL DIŞINDA") -> KONTROL İÇİNDE
... B75: 46142 | C75: 8 | D75: 8 | E75: 0 | F75: =E75/D75 -> 0 | G75: =$F$152+3*SQRT($F$152*(1-$F$152)/D75) -> 0.12497037 | H75: =MAX(0,$F$152-3*SQRT($F$152*(1-$F$152)/D75)) -> 0 | I75: =IF(AND(F75<=G75,F75>=H75),"KONTROL İÇİNDE"," KONTROL DIŞINDA") -> KONTROL İÇİNDE
B76: 46147 | C76: 9 | D76: 9 | E76: 2 | F76: =E76/D76 -> 0.22222222 | G76: =$F$152+3*SQRT($F$152*(1-$F$152)/D76) -> 0.11848464 | H76: =MAX(0,$F$152-3*SQRT($F$152*(1-$F$152)/D76)) -> 0 | I76: =IF(AND(F76<=G76,F76>=H76),"KONTROL İÇİNDE"," KONTROL DIŞINDA") -> KONTROL DIŞINDA | J76: Camda Derin Çizik Var Furkan Canbay ın Onayı İle Gitti, Siparişteki Piranometre Difizörde Derin Çizikler Var Furkan Canbay ın Onayı İle Gitti
B77: 46148 | C77: 5 | D77: 5 | E77: 0 | F77: =E77/D77 -> 0 | G77: =$F$152+3*SQRT($F$152*(1-$F$152)/D77) -> 0.15501259 | H77: =MAX(0,$F$152-3*SQRT($F$152*(1-$F$152)/D77)) -> 0 | I77: =IF(AND(F77<=G77,F77>=H77),"KONTROL İÇİNDE"," KONTROL DIŞINDA") -> KONTROL İÇİNDE
B78: 46149 | C78: 6 | D78: 6 | E78: 0 | F78: =E78/D78 -> 0 | G78: =$F$152+3*SQRT($F$152*(1-$F$152)/D78) -> 0.14251417 | H78: =MAX(0,$F$152-3*SQRT($F$152*(1-$F$152)/D78)) -> 0 | I78: =IF(AND(F78<=G78,F78>=H78),"KONTROL İÇİNDE"," KONTROL DIŞINDA") -> KONTROL İÇİNDE
B79: 46150 | C79: 2 | D79: 2 | E79: 0 | F79: =E79/D79 -> 0 | G79: =$F$152+3*SQRT($F$152*(1-$F$152)/D79) -> 0.23837528 | H79: =MAX(0,$F$152-3*SQRT($F$152*(1-$F$152)/D79)) -> 0 | I79: =IF(AND(F79<=G79,F79>=H79),"KONTROL İÇİNDE"," KONTROL DIŞINDA") -> KONTROL İÇİNDE
B80: 46153 | C80: 1 | D80: 1 | E80: 0 | F80: =E80/D80 -> 0 | G80: =$F$152+3*SQRT($F$152*(1-$F$152)/D80) -> 0.33232298 | H80: =MAX(0,$F$152-3*SQRT($F$152*(1-$F$152)/D80)) -> 0 | I80: =IF(AND(F80<=G80,F80>=H80),"KONTROL İÇİNDE"," KONTROL DIŞINDA") -> KONTROL İÇİNDE
B81: 46156 | C81: 70 | D81: 70 | E81: 0 | F81: =E81/D81 -> 0 | G81: =$F$152+3*SQRT($F$152*(1-$F$152)/D81) -> 0.049903324 | H81: =MAX(0,$F$152-3*SQRT($F$152*(1-$F$152)/D81)) -> 0 | I81: =IF(AND(F81<=G81,F81>=H81),"KONTROL İÇİNDE"," KONTROL DIŞINDA") -> KONTROL İÇİNDE
B82: 46160 | C82: 3 | D82: 3 | E82: 0 | F82: =E82/D82 -> 0 | G82: =$F$152+3*SQRT($F$152*(1-$F$152)/D82) -> 0.1967549 | H82: =MAX(0,$F$152-3*SQRT($F$152*(1-$F$152)/D82)) -> 0 | I82: =IF(AND(F82<=G82,F82>=H82),"KONTROL İÇİNDE"," KONTROL DIŞINDA") -> KONTROL İÇİNDE
B83: 46163 | C83: 2 | D83: 2 | E83: 0 | F83: =E83/D83 -> 0 | G83: =$F$152+3*SQRT($F$152*(1-$F$152)/D83) -> 0.23837528 | H83: =MAX(0,$F$152-3*SQRT($F$152*(1-$F$152)/D83)) -> 0 | I83: =IF(AND(F83<=G83,F83>=H83),"KONTROL İÇİNDE"," KONTROL DIŞINDA") -> KONTROL İÇİNDE
B84: 46176 | C84: 8 | D84: 8 | E84: 0 | F84: =E84/D84 -> 0 | G84: =$F$152+3*SQRT($F$152*(1-$F$152)/D84) -> 0.12497037 | H84: =MAX(0,$F$152-3*SQRT($F$152*(1-$F$152)/D84)) -> 0 | I84: =IF(AND(F84<=G84,F84>=H84),"KONTROL İÇİNDE"," KONTROL DIŞINDA") -> KONTROL İÇİNDE
B85: 46177 | C85: 18 | D85: 18 | E85: 0 | F85: =E85/D85 -> 0 | G85: =$F$152+3*SQRT($F$152*(1-$F$152)/D85) -> 0.087168738 | H85: =MAX(0,$F$152-3*SQRT($F$152*(1-$F$152)/D85)) -> 0 | I85: =IF(AND(F85<=G85,F85>=H85),"KONTROL İÇİNDE"," KONTROL DIŞINDA") -> KONTROL İÇİNDE
B86: 46178 | C86: 6 | D86: 6 | E86: 0 | F86: =E86/D86 -> 0 | G86: =$F$152+3*SQRT($F$152*(1-$F$152)/D86) -> 0.14251417 | H86: =MAX(0,$F$152-3*SQRT($F$152*(1-$F$152)/D86)) -> 0 | I86: =IF(AND(F86<=G86,F86>=H86),"KONTROL İÇİNDE"," KONTROL DIŞINDA") -> KONTROL İÇİNDE
B87: 46181 | C87: 35 | D87: 35 | E87: 0 | F87: =E87/D87 -> 0 | G87: =$F$152+3*SQRT($F$152*(1-$F$152)/D87) -> 0.065783383 | H87: =MAX(0,$F$152-3*SQRT($F$152*(1-$F$152)/D87)) -> 0 | I87: =IF(AND(F87<=G87,F87>=H87),"KONTROL İÇİNDE"," KONTROL DIŞINDA") -> KONTROL İÇİNDE
B88: 46182 | C88: 13 | D88: 13 | E88: 0 | F88: =E88/D88 -> 0 | G88: =$F$152+3*SQRT($F$152*(1-$F$152)/D88) -> 0.1005276 | H88: =MAX(0,$F$152-3*SQRT($F$152*(1-$F$152)/D88)) -> 0 | I88: =IF(AND(F88<=G88,F88>=H88),"KONTROL İÇİNDE"," KONTROL DIŞINDA") -> KONTROL İÇİNDE
... B101: 46198 | C101: 47 | D101: 47 | E101: 0 | F101: =E101/D101 -> 0 | G101: =$F$152+3*SQRT($F$152*(1-$F$152)/D101) -> 0.05835276 | H101: =MAX(0,$F$152-3*SQRT($F$152*(1-$F$152)/D101)) -> 0 | I101: =IF(AND(F101<=G101,F101>=H101),"KONTROL İÇİNDE"," KONTROL DIŞINDA") -> KONTROL İÇİNDE
B102: 46199 | C102: 8 | D102: 8 | E102: 1 | F102: =E102/D102 -> 0.125 | G102: =$F$152+3*SQRT($F$152*(1-$F$152)/D102) -> 0.12497037 | H102: =MAX(0,$F$152-3*SQRT($F$152*(1-$F$152)/D102)) -> 0 | I102: =IF(AND(F102<=G102,F102>=H102),"KONTROL İÇİNDE"," KONTROL DIŞINDA") -> KONTROL DIŞINDA | J102: Cam Çizik Olduğu İçin Değiştirildi
B103: 46203 | C103: 12 | D103: 12 | E103: 0 | F103: =E103/D103 -> 0 | G103: =$F$152+3*SQRT($F$152*(1-$F$152)/D103) -> 0.10416019 | H103: =MAX(0,$F$152-3*SQRT($F$152*(1-$F$152)/D103)) -> 0 | I103: =IF(AND(F103<=G103,F103>=H103),"KONTROL İÇİNDE"," KONTROL DIŞINDA") -> KONTROL İÇİNDE
B104: 46205 | C104: 16 | D104: 16 | E104: 0 | F104: =E104/D104 -> 0 | G104: =$F$152+3*SQRT($F$152*(1-$F$152)/D104) -> 0.091754846 | H104: =MAX(0,$F$152-3*SQRT($F$152*(1-$F$152)/D104)) -> 0 | I104: =IF(AND(F104<=G104,F104>=H104),"KONTROL İÇİNDE"," KONTROL DIŞINDA") -> KONTROL İÇİNDE
B105: 46206 | C105: 27 | D105: 27 | E105: 0 | F105: =E105/D105 -> 0 | G105: =$F$152+3*SQRT($F$152*(1-$F$152)/D105) -> 0.07329528 | H105: =MAX(0,$F$152-3*SQRT($F$152*(1-$F$152)/D105)) -> 0 | I105: =IF(AND(F105<=G105,F105>=H105),"KONTROL İÇİNDE"," KONTROL DIŞINDA") -> KONTROL İÇİNDE
B106: 46207 | C106: 224 | D106: 224 | E106: 0 | F106: =E106/D106 -> 0 | G106: =$F$152+3*SQRT($F$152*(1-$F$152)/D106) -> 0.032996981 | H106: =MAX(0,$F$152-3*SQRT($F$152*(1-$F$152)/D106)) -> 0 | I106: =IF(AND(F106<=G106,F106>=H106),"KONTROL İÇİNDE"," KONTROL DIŞINDA") -> KONTROL İÇİNDE
B107: 46209 | C107: 24 | D107: 24 | E107: 0 | F107: =E107/D107 -> 0 | G107: =$F$152+3*SQRT($F$152*(1-$F$152)/D107) -> 0.077039821 | H107: =MAX(0,$F$152-3*SQRT($F$152*(1-$F$152)/D107)) -> 0 | I107: =IF(AND(F107<=G107,F107>=H107),"KONTROL İÇİNDE"," KONTROL DIŞINDA") -> KONTROL İÇİNDE
B108: 46210 | C108: 11 | D108: 11 | E108: 0 | F108: =E108/D108 -> 0 | G108: =$F$152+3*SQRT($F$152*(1-$F$152)/D108) -> 0.1082775 | H108: =MAX(0,$F$152-3*SQRT($F$152*(1-$F$152)/D108)) -> 0 | I108: =IF(AND(F108<=G108,F108>=H108),"KONTROL İÇİNDE"," KONTROL DIŞINDA") -> KONTROL İÇİNDE
B109: 46211 | C109: 60 | D109: 60 | E109: 0 | F109: =E109/D109 -> 0 | G109: =$F$152+3*SQRT($F$152*(1-$F$152)/D109) -> 0.052975085 | H109: =MAX(0,$F$152-3*SQRT($F$152*(1-$F$152)/D109)) -> 0 | I109: =IF(AND(F109<=G109,F109>=H109),"KONTROL İÇİNDE"," KONTROL DIŞINDA") -> KONTROL İÇİNDE
B110: 46212 | C110: 41 | D110: 41 | E110: 0 | F110: =E110/D110 -> 0 | G110: =$F$152+3*SQRT($F$152*(1-$F$152)/D110) -> 0.061659375 | H110: =MAX(0,$F$152-3*SQRT($F$152*(1-$F$152)/D110)) -> 0 | I110: =IF(AND(F110<=G110,F110>=H110),"KONTROL İÇİNDE"," KONTROL DIŞINDA") -> KONTROL İÇİNDE
B111: 46213 | C111: 4 | D111: 4 | E111: 0 | F111: =E111/D111 -> 0 | G111: =$F$152+3*SQRT($F$152*(1-$F$152)/D111) -> 0.17194422 | H111: =MAX(0,$F$152-3*SQRT($F$152*(1-$F$152)/D111)) -> 0 | I111: =IF(AND(F111<=G111,F111>=H111),"KONTROL İÇİNDE"," KONTROL DIŞINDA") -> KONTROL İÇİNDE
B112: 46216 | C112: 3 | D112: 3 | E112: 0 | F112: =E112/D112 -> 0 | G112: =$F$152+3*SQRT($F$152*(1-$F$152)/D112) -> 0.1967549 | H112: =MAX(0,$F$152-3*SQRT($F$152*(1-$F$152)/D112)) -> 0 | I112: =IF(AND(F112<=G112,F112>=H112),"KONTROL İÇİNDE"," KONTROL DIŞINDA") -> KONTROL İÇİNDE
B113: 46217 | C113: 8 | D113: 8 | E113: 0 | F113: =E113/D113 -> 0 | G113: =$F$152+3*SQRT($F$152*(1-$F$152)/D113) -> 0.12497037 | H113: =MAX(0,$F$152-3*SQRT($F$152*(1-$F$152)/D113)) -> 0 | I113: =IF(AND(F113<=G113,F113>=H113),"KONTROL İÇİNDE"," KONTROL DIŞINDA") -> KONTROL İÇİNDE
B114: 46219 | C114: 40 | D114: 40 | E114: 0 | F114: =E114/D114 -> 0 | G114: =$F$152+3*SQRT($F$152*(1-$F$152)/D114) -> 0.062281684 | H114: =MAX(0,$F$152-3*SQRT($F$152*(1-$F$152)/D114)) -> 0 | I114: =IF(AND(F114<=G114,F114>=H114),"KONTROL İÇİNDE"," KONTROL DIŞINDA") -> KONTROL İÇİNDE
... B151: 46262 | C151: 57 | D151: 57 | E151: 0 | F151: =E151/D151 -> 0 | G151: =$F$152+3*SQRT($F$152*(1-$F$152)/D151) -> 0.054050839 | H151: =MAX(0,$F$152-3*SQRT($F$152*(1-$F$152)/D151)) -> 0 | I151: =IF(AND(F151<=G151,F151>=H151),"KONTROL İÇİNDE"," KONTROL DIŞINDA") -> KONTROL İÇİNDE
D152: =SUM(D2:D151) -> 4842 | E152: =SUM(E2:E151) -> 56 | F152: =E152/D152 -> 0.011565469

Sheet Dizgi Lehim Hatası
A1: KONTROL TARİHİ | B1: KONTROL EDİLEN ÜRÜN ADEDİ | C1: HATALI ÜRÜN ADEDİ | D1: P BAR | E1: UCL | F1: LCL | G1: KONTROL
A2: 46029 | B2: 5 | C2: 1 | D2: =C2/B2 -> 0.2 | E2: =$D$151+3*SQRT($D$151*(1-$D$151)/B2) -> 0.12873989 | F2: =MAX(0,$D$151-3*SQRT($D$151*(1-$D$151)/B2)) -> 0 | G2: =IF(AND(D2<=E2,D2>=F2),"KONTROL İÇİNDE"," KONTROL DIŞINDA") -> KONTROL DIŞINDA | H2: Erkek konnektörde lehim hatası
A3: 46030 | B3: 34 | C3: 0 | D3: =C3/B3 -> 0 | E3: =$D$151+3*SQRT($D$151*(1-$D$151)/B3) -> 0.054391502 | F3: =MAX(0,$D$151-3*SQRT($D$151*(1-$D$151)/B3)) -> 0 | G3: =IF(AND(D3<=E3,D3>=F3),"KONTROL İÇİNDE"," KONTROL DIŞINDA") -> KONTROL İÇİNDE
A4: 46031 | B4: 1 | C4: 0 | D4: =C4/B4 -> 0 | E4: =$D$151+3*SQRT($D$151*(1-$D$151)/B4) -> 0.27780243 | F4: =MAX(0,$D$151-3*SQRT($D$151*(1-$D$151)/B4)) -> 0 | G4: =IF(AND(D4<=E4,D4>=F4),"KONTROL İÇİNDE"," KONTROL DIŞINDA") -> KONTROL İÇİNDE
A5: 46034 | B5: 1 | C5: 1 | D5: =C5/B5 -> 1 | E5: =$D$151+3*SQRT($D$151*(1-$D$151)/B5) -> 0.27780243 | F5: =MAX(0,$D$151-3*SQRT($D$151*(1-$D$151)/B5)) -> 0 | G5: =IF(AND(D5<=E5,D5>=F5),"KONTROL İÇİNDE"," KONTROL DIŞINDA") -> KONTROL DIŞINDA | H5: Taş Direnç Takılı Değil
A6: 46035 | B6: 81 | C6: 0 | D6: =C6/B6 -> 0 | E6: =$D$151+3*SQRT($D$151*(1-$D$151)/B6) -> 0.038107618 | F6: =MAX(0,$D$151-3*SQRT($D$151*(1-$D$151)/B6)) -> 0 | G6: =IF(AND(D6<=E6,D6>=F6),"KONTROL İÇİNDE"," KONTROL DIŞINDA") -> KONTROL İÇİNDE
A7: 46037 | B7: 6 | C7: 0 | D7: =C7/B7 -> 0 | E7: =$D$151+3*SQRT($D$151*(1-$D$151)/B7) -> 0.11823264 | F7: =MAX(0,$D$151-3*SQRT($D$151*(1-$D$151)/B7)) -> 0 | G7: =IF(AND(D7<=E7,D7>=F7),"KONTROL İÇİNDE"," KONTROL DIŞINDA") -> KONTROL İÇİNDE
A8: 46038 | B8: 5 | C8: 1 | D8: =C8/B8 -> 0.2 | E8: =$D$151+3*SQRT($D$151*(1-$D$151)/B8) -> 0.12873989 | F8: =MAX(0,$D$151-3*SQRT($D$151*(1-$D$151)/B8)) -> 0 | G8: =IF(AND(D8<=E8,D8>=F8),"KONTROL İÇİNDE"," KONTROL DIŞINDA") -> KONTROL DIŞINDA | H8: Taş Direnç Takılmamış
A9: 46041 | B9: 12 | C9: 0 | D9: =C9/B9 -> 0 | E9: =$D$151+3*SQRT($D$151*(1-$D$151)/B9) -> 0.08598894 | F9: =MAX(0,$D$151-3*SQRT($D$151*(1-$D$151)/B9)) -> 0 | G9: =IF(AND(D9<=E9,D9>=F9),"KONTROL İÇİNDE"," KONTROL DIŞINDA") -> KONTROL İÇİNDE
A10: 46043 | B10: 316 | C10: 0 | D10: =C10/B10 -> 0 | E10: =$D$151+3*SQRT($D$151*(1-$D$151)/B10) -> 0.023315139 | F10: =MAX(0,$D$151-3*SQRT($D$151*(1-$D$151)/B10)) -> 0 | G10: =IF(AND(D10<=E10,D10>=F10),"KONTROL İÇİNDE"," KONTROL DIŞINDA") -> KONTROL İÇİNDE
A11: 46045 | B11: 9 | C11: 1 | D11: =C11/B11 -> 0.11111111 | E11: =$D$151+3*SQRT($D$151*(1-$D$151)/B11) -> 0.09803132 | F11: =MAX(0,$D$151-3*SQRT($D$151*(1-$D$151)/B11)) -> 0 | G11: =IF(AND(D11<=E11,D11>=F11),"KONTROL İÇİNDE"," KONTROL DIŞINDA") -> KONTROL DIŞINDA
A12: 46048 | B12: 2 | C12: 0 | D12: =C12/B12 -> 0 | E12: =$D$151+3*SQRT($D$151*(1-$D$151)/B12) -> 0.19882182 | F12: =MAX(0,$D$151-3*SQRT($D$151*(1-$D$151)/B12)) -> 0 | G12: =IF(AND(D12<=E12,D12>=F12),"KONTROL İÇİNDE"," KONTROL DIŞINDA") -> KONTROL İÇİNDE
A13: 46050 | B13: 205 | C13: 0 | D13: =C13/B13 -> 0 | E13: =$D$151+3*SQRT($D$151*(1-$D$151)/B13) -> 0.026979405 | F13: =MAX(0,$D$151-3*SQRT($D$151*(1-$D$151)/B13)) -> 0 | G13: =IF(AND(D13<=E13,D13>=F13),"KONTROL İÇİNDE"," KONTROL DIŞINDA") -> KONTROL İÇİNDE
A14: 46052 | B14: 6 | C14: 0 | D14: =C14/B14 -> 0 | E14: =$D$151+3*SQRT($D$151*(1-$D$151)/B14) -> 0.11823264 | F14: =MAX(0,$D$151-3*SQRT($D$151*(1-$D$151)/B14)) -> 0 | G14: =IF(AND(D14<=E14,D14>=F14),"KONTROL İÇİNDE"," KONTROL DIŞINDA") -> KONTROL İÇİNDE
A15: 46055 | B15: 6 | C15: 1 | D15: =C15/B15 -> 0.16666667 | E15: =$D$151+3*SQRT($D$151*(1-$D$151)/B15) -> 0.11823264 | F15: =MAX(0,$D$151-3*SQRT($D$151*(1-$D$151)/B15)) -> 0 | G15: =IF(AND(D15<=E15,D15>=F15),"KONTROL İÇİNDE"," KONTROL DIŞINDA") -> KONTROL DIŞINDA | H15: Entegre Bacağı Lehimlenmemiş Ayrıca Lehimler Çok Kötü
A16: 46056 | B16: 1 | C16: 0 | D16: =C16/B16 -> 0 | E16: =$D$151+3*SQRT($D$151*(1-$D$151)/B16) -> 0.27780243 | F16: =MAX(0,$D$151-3*SQRT($D$151*(1-$D$151)/B16)) -> 0 | G16: =IF(AND(D16<=E16,D16>=F16),"KONTROL İÇİNDE"," KONTROL DIŞINDA") -> KONTROL İÇİNDE
A17: 46057 | B17: 7 | C17: 0 | D17: =C17/B17 -> 0 | E17: =$D$151+3*SQRT($D$151*(1-$D$151)/B17) -> 0.1100664 | F17: =MAX(0,$D$151-3*SQRT($D$151*(1-$D$151)/B17)) -> 0 | G17: =IF(AND(D17<=E17,D17>=F17),"KONTROL İÇİNDE"," KONTROL DIŞINDA") -> KONTROL İÇİNDE
A18: 46058 | B18: 6 | C18: 0 | D18: =C18/B18 -> 0 | E18: =$D$151+3*SQRT($D$151*(1-$D$151)/B18) -> 0.11823264 | F18: =MAX(0,$D$151-3*SQRT($D$151*(1-$D$151)/B18)) -> 0 | G18: =IF(AND(D18<=E18,D18>=F18),"KONTROL İÇİNDE"," KONTROL DIŞINDA") -> KONTROL İÇİNDE
A19: 46059 | B19: 7 | C19: 0 | D19: =C19/B19 -> 0 | E19: =$D$151+3*SQRT($D$151*(1-$D$151)/B19) -> 0.1100664 | F19: =MAX(0,$D$151-3*SQRT($D$151*(1-$D$151)/B19)) -> 0 | G19: =IF(AND(D19<=E19,D19>=F19),"KONTROL İÇİNDE"," KONTROL DIŞINDA") -> KONTROL İÇİNDE
A20: 46062 | B20: 85 | C20: 9 | D20: =C20/B20 -> 0.10588235 | E20: =$D$151+3*SQRT($D$151*(1-$D$151)/B20) -> 0.037394138 | F20: =MAX(0,$D$151-3*SQRT($D$151*(1-$D$151)/B20)) -> 0 | G20: =IF(AND(D20<=E20,D20>=F20),"KONTROL İÇİNDE"," KONTROL DIŞINDA") -> KONTROL DIŞINDA | H20: Dizgiden Gelen Step Motorlar Çalışmıyor, Komponentler Düzgün Dizilmemiş Klemens Plastiği Erimiş, Dizgiden Gelen Kart Çalışmıyor
A21: 46063 | B21: 24 | C21: 1 | D21: =C21/B21 -> 0.041666667 | E21: =$D$151+3*SQRT($D$151*(1-$D$151)/B21) -> 0.063189202 | F21: =MAX(0,$D$151-3*SQRT($D$151*(1-$D$151)/B21)) -> 0 | G21: =IF(AND(D21<=E21,D21>=F21),"KONTROL İÇİNDE"," KONTROL DIŞINDA") -> KONTROL İÇİNDE
A22: 46064 | B22: 2 | C22: 0 | D22: =C22/B22 -> 0 | E22: =$D$151+3*SQRT($D$151*(1-$D$151)/B22) -> 0.19882182 | F22: =MAX(0,$D$151-3*SQRT($D$151*(1-$D$151)/B22)) -> 0 | G22: =IF(AND(D22<=E22,D22>=F22),"KONTROL İÇİNDE"," KONTROL DIŞINDA") -> KONTROL İÇİNDE
A23: 46065 | B23: 86 | C23: 0 | D23: =C23/B23 -> 0 | E23: =$D$151+3*SQRT($D$151*(1-$D$151)/B23) -> 0.037223592 | F23: =MAX(0,$D$151-3*SQRT($D$151*(1-$D$151)/B23)) -> 0 | G23: =IF(AND(D23<=E23,D23>=F23),"KONTROL İÇİNDE"," KONTROL DIŞINDA") -> KONTROL İÇİNDE
A24: 46066 | B24: 16 | C24: 0 | D24: =C24/B24 -> 0 | E24: =$D$151+3*SQRT($D$151*(1-$D$151)/B24) -> 0.075559932 | F24: =MAX(0,$D$151-3*SQRT($D$151*(1-$D$151)/B24)) -> 0 | G24: =IF(AND(D24<=E24,D24>=F24),"KONTROL İÇİNDE"," KONTROL DIŞINDA") -> KONTROL İÇİNDE
A25: 46067 | B25: 1 | C25: 1 | D25: =C25/B25 -> 1 | E25: =$D$151+3*SQRT($D$151*(1-$D$151)/B25) -> 0.27780243 | F25: =MAX(0,$D$151-3*SQRT($D$151*(1-$D$151)/B25)) -> 0 | G25: =IF(AND(D25<=E25,D25>=F25),"KONTROL İÇİNDE"," KONTROL DIŞINDA") -> KONTROL DIŞINDA | H25: Taş Direnç Takılmamış
A26: 46069 | B26: 7 | C26: 0 | D26: =C26/B26 -> 0 | E26: =$D$151+3*SQRT($D$151*(1-$D$151)/B26) -> 0.1100664 | F26: =MAX(0,$D$151-3*SQRT($D$151*(1-$D$151)/B26)) -> 0 | G26: =IF(AND(D26<=E26,D26>=F26),"KONTROL İÇİNDE"," KONTROL DIŞINDA") -> KONTROL İÇİNDE
A27: 46070 | B27: 11 | C27: 0 | D27: =C27/B27 -> 0 | E27: =$D$151+3*SQRT($D$151*(1-$D$151)/B27) -> 0.089450309 | F27: =MAX(0,$D$151-3*SQRT($D$151*(1-$D$151)/B27)) -> 0 | G27: =IF(AND(D27<=E27,D27>=F27),"KONTROL İÇİNDE"," KONTROL DIŞINDA") -> KONTROL İÇİNDE
A28: 46071 | B28: 6 | C28: 0 | D28: =C28/B28 -> 0 | E28: =$D$151+3*SQRT($D$151*(1-$D$151)/B28) -> 0.11823264 | F28: =MAX(0,$D$151-3*SQRT($D$151*(1-$D$151)/B28)) -> 0 | G28: =IF(AND(D28<=E28,D28>=F28),"KONTROL İÇİNDE"," KONTROL DIŞINDA") -> KONTROL İÇİNDE
A29: 46072 | B29: 8 | C29: 0 | D29: =C29/B29 -> 0 | E29: =$D$151+3*SQRT($D$151*(1-$D$151)/B29) -> 0.10348379 | F29: =MAX(0,$D$151-3*SQRT($D$151*(1-$D$151)/B29)) -> 0 | G29: =IF(AND(D29<=E29,D29>=F29),"KONTROL İÇİNDE"," KONTROL DIŞINDA") -> KONTROL İÇİNDE
A30: 46076 | B30: 12 | C30: 0 | D30: =C30/B30 -> 0 | E30: =$D$151+3*SQRT($D$151*(1-$D$151)/B30) -> 0.08598894 | F30: =MAX(0,$D$151-3*SQRT($D$151*(1-$D$151)/B30)) -> 0 | G30: =IF(AND(D30<=E30,D30>=F30),"KONTROL İÇİNDE"," KONTROL DIŞINDA") -> KONTROL İÇİNDE
A31: 46077 | B31: 5 | C31: 0 | D31: =C31/B31 -> 0 | E31: =$D$151+3*SQRT($D$151*(1-$D$151)/B31) -> 0.12873989 | F31: =MAX(0,$D$151-3*SQRT($D$151*(1-$D$151)/B31)) -> 0 | G31: =IF(AND(D31<=E31,D31>=F31),"KONTROL İÇİNDE"," KONTROL DIŞINDA") -> KONTROL İÇİNDE
A32: 46078 | B32: 3 | C32: 0 | D32: =C32/B32 -> 0 | E32: =$D$151+3*SQRT($D$151*(1-$D$151)/B32) -> 0.16383211 | F32: =MAX(0,$D$151-3*SQRT($D$151*(1-$D$151)/B32)) -> 0 | G32: =IF(AND(D32<=E32,D32>=F32),"KONTROL İÇİNDE"," KONTROL DIŞINDA") -> KONTROL İÇİNDE
A33: 46079 | B33: 2 | C33: 0 | D33: =C33/B33 -> 0 | E33: =$D$151+3*SQRT($D$151*(1-$D$151)/B33) -> 0.19882182 | F33: =MAX(0,$D$151-3*SQRT($D$151*(1-$D$151)/B33)) -> 0 | G33: =IF(AND(D33<=E33,D33>=F33),"KONTROL İÇİNDE"," KONTROL DIŞINDA") -> KONTROL İÇİNDE
A34: 46080 | B34: 1 | C34: 1 | D34: =C34/B34 -> 1 | E34: =$D$151+3*SQRT($D$151*(1-$D$151)/B34) -> 0.27780243 | F34: =MAX(0,$D$151-3*SQRT($D$151*(1-$D$151)/B34)) -> 0 | G34: =IF(AND(D34<=E34,D34>=F34),"KONTROL İÇİNDE"," KONTROL DIŞINDA") -> KONTROL DIŞINDA | H34: Taş Direnç Takılmamış
A35: 46081 | B35: 28 | C35: 0 | D35: =C35/B35 -> 0 | E35: =$D$151+3*SQRT($D$151*(1-$D$151)/B35) -> 0.059106085 | F35: =MAX(0,$D$151-3*SQRT($D$151*(1-$D$151)/B35)) -> 0 | G35: =IF(AND(D35<=E35,D35>=F35),"KONTROL İÇİNDE"," KONTROL DIŞINDA") -> KONTROL İÇİNDE
A36: 46083 | B36: 2 | C36: 0 | D36: =C36/B36 -> 0 | E36: =$D$151+3*SQRT($D$151*(1-$D$151)/B36) -> 0.19882182 | F36: =MAX(0,$D$151-3*SQRT($D$151*(1-$D$151)/B36)) -> 0 | G36: =IF(AND(D36<=E36,D36>=F36),"KONTROL İÇİNDE"," KONTROL DIŞINDA") -> KONTROL İÇİNDE
A37: 46084 | B37: 206 | C37: 7 | D37: =C37/B37 -> 0.033980583 | E37: =$D$151+3*SQRT($D$151*(1-$D$151)/B37) -> 0.026933636 | F37: =MAX(0,$D$151-3*SQRT($D$151*(1-$D$151)/B37)) -> 0 | G37: =IF(AND(D37<=E37,D37>=F37),"KONTROL İÇİNDE"," KONTROL DIŞINDA") -> KONTROL DIŞINDA | H37: Taş Direnç Takılmamış, Taş Direnç Lehimleri Kopmuş
A38: 46086 | B38: 5 | C38: 0 | D38: =C38/B38 -> 0 | E38: =$D$151+3*SQRT($D$151*(1-$D$151)/B38) -> 0.12873989 | F38: =MAX(0,$D$151-3*SQRT($D$151*(1-$D$151)/B38)) -> 0 | G38: =IF(AND(D38<=E38,D38>=F38),"KONTROL İÇİNDE"," KONTROL DIŞINDA") -> KONTROL İÇİNDE
A39: 46087 | B39: 2 | C39: 0 | D39: =C39/B39 -> 0 | E39: =$D$151+3*SQRT($D$151*(1-$D$151)/B39) -> 0.19882182 | F39: =MAX(0,$D$151-3*SQRT($D$151*(1-$D$151)/B39)) -> 0 | G39: =IF(AND(D39<=E39,D39>=F39),"KONTROL İÇİNDE"," KONTROL DIŞINDA") -> KONTROL İÇİNDE
A40: 46090 | B40: 2 | C40: 0 | D40: =C40/B40 -> 0 | E40: =$D$151+3*SQRT($D$151*(1-$D$151)/B40) -> 0.19882182 | F40: =MAX(0,$D$151-3*SQRT($D$151*(1-$D$151)/B40)) -> 0 | G40: =IF(AND(D40<=E40,D40>=F40),"KONTROL İÇİNDE"," KONTROL DIŞINDA") -> KONTROL İÇİNDE
A41: 46091 | B41: 2 | C41: 0 | D41: =C41/B41 -> 0 | E41: =$D$151+3*SQRT($D$151*(1-$D$151)/B41) -> 0.19882182 | F41: =MAX(0,$D$151-3*SQRT($D$151*(1-$D$151)/B41)) -> 0 | G41: =IF(AND(D41<=E41,D41>=F41),"KONTROL İÇİNDE"," KONTROL DIŞINDA") -> KONTROL İÇİNDE
A42: 46092 | B42: 9 | C42: 0 | D42: =C42/B42 -> 0 | E42: =$D$151+3*SQRT($D$151*(1-$D$151)/B42) -> 0.09803132 | F42: =MAX(0,$D$151-3*SQRT($D$151*(1-$D$151)/B42)) -> 0 | G42: =IF(AND(D42<=E42,D42>=F42),"KONTROL İÇİNDE"," KONTROL DIŞINDA") -> KONTROL İÇİNDE
A43: 46093 | B43: 23 | C43: 0 | D43: =C43/B43 -> 0 | E43: =$D$151+3*SQRT($D$151*(1-$D$151)/B43) -> 0.064373067 | F43: =MAX(0,$D$151-3*SQRT($D$151*(1-$D$151)/B43)) -> 0 | G43: =IF(AND(D43<=E43,D43>=F43),"KONTROL İÇİNDE"," KONTROL DIŞINDA") -> KONTROL İÇİNDE
A44: 46094 | B44: 1 | C44: 0 | D44: =C44/B44 -> 0 | E44: =$D$151+3*SQRT($D$151*(1-$D$151)/B44) -> 0.27780243 | F44: =MAX(0,$D$151-3*SQRT($D$151*(1-$D$151)/B44)) -> 0 | G44: =IF(AND(D44<=E44,D44>=F44),"KONTROL İÇİNDE"," KONTROL DIŞINDA") -> KONTROL İÇİNDE
A45: 46096 | B45: 1 | C45: 0 | D45: =C45/B45 -> 0 | E45: =$D$151+3*SQRT($D$151*(1-$D$151)/B45) -> 0.27780243 | F45: =MAX(0,$D$151-3*SQRT($D$151*(1-$D$151)/B45)) -> 0 | G45: =IF(AND(D45<=E45,D45>=F45),"KONTROL İÇİNDE"," KONTROL DIŞINDA") -> KONTROL İÇİNDE
A46: 46097 | B46: 33 | C46: 0 | D46: =C46/B46 -> 0 | E46: =$D$151+3*SQRT($D$151*(1-$D$151)/B46) -> 0.055086966 | F46: =MAX(0,$D$151-3*SQRT($D$151*(1-$D$151)/B46)) -> 0 | G46: =IF(AND(D46<=E46,D46>=F46),"KONTROL İÇİNDE"," KONTROL DIŞINDA") -> KONTROL İÇİNDE
A47: 46098 | B47: 17 | C47: 0 | D47: =C47/B47 -> 0 | E47: =$D$151+3*SQRT($D$151*(1-$D$151)/B47) -> 0.073547113 | F47: =MAX(0,$D$151-3*SQRT($D$151*(1-$D$151)/B47)) -> 0 | G47: =IF(AND(D47<=E47,D47>=F47),"KONTROL İÇİNDE"," KONTROL DIŞINDA") -> KONTROL İÇİNDE
A48: 46099 | B48: 30 | C48: 0 | D48: =C48/B48 -> 0 | E48: =$D$151+3*SQRT($D$151*(1-$D$151)/B48) -> 0.057378112 | F48: =MAX(0,$D$151-3*SQRT($D$151*(1-$D$151)/B48)) -> 0 | G48: =IF(AND(D48<=E48,D48>=F48),"KONTROL İÇİNDE"," KONTROL DIŞINDA") -> KONTROL İÇİNDE
A49: 46101 | B49: 1 | C49: 0 | D49: =C49/B49 -> 0 | E49: =$D$151+3*SQRT($D$151*(1-$D$151)/B49) -> 0.27780243 | F49: =MAX(0,$D$151-3*SQRT($D$151*(1-$D$151)/B49)) -> 0 | G49: =IF(AND(D49<=E49,D49>=F49),"KONTROL İÇİNDE"," KONTROL DIŞINDA") -> KONTROL İÇİNDE
... A94: 46190 | B94: 9 | C94: 0 | D94: =C94/B94 -> 0 | E94: =$D$151+3*SQRT($D$151*(1-$D$151)/B94) -> 0.09803132 | F94: =MAX(0,$D$151-3*SQRT($D$151*(1-$D$151)/B94)) -> 0 | G94: =IF(AND(D94<=E94,D94>=F94),"KONTROL İÇİNDE"," KONTROL DIŞINDA") -> KONTROL İÇİNDE
A95: 46191 | B95: 9 | C95: 1 | D95: =C95/B95 -> 0.11111111 | E95: =$D$151+3*SQRT($D$151*(1-$D$151)/B95) -> 0.09803132 | F95: =MAX(0,$D$151-3*SQRT($D$151*(1-$D$151)/B95)) -> 0 | G95: =IF(AND(D95<=E95,D95>=F95),"KONTROL İÇİNDE"," KONTROL DIŞINDA") -> KONTROL DIŞINDA | H95: Kart Üzerindeki Rüzgar Hız Klemensinin Tek Bacağı Lehimlenmemiş
A96: 46192 | B96: 30 | C96: 0 | D96: =C96/B96 -> 0 | E96: =$D$151+3*SQRT($D$151*(1-$D$151)/B96) -> 0.057378112 | F96: =MAX(0,$D$151-3*SQRT($D$151*(1-$D$151)/B96)) -> 0 | G96: =IF(AND(D96<=E96,D96>=F96),"KONTROL İÇİNDE"," KONTROL DIŞINDA") -> KONTROL İÇİNDE
A97: 46195 | B97: 3 | C97: 0 | D97: =C97/B97 -> 0 | E97: =$D$151+3*SQRT($D$151*(1-$D$151)/B97) -> 0.16383211 | F97: =MAX(0,$D$151-3*SQRT($D$151*(1-$D$151)/B97)) -> 0 | G97: =IF(AND(D97<=E97,D97>=F97),"KONTROL İÇİNDE"," KONTROL DIŞINDA") -> KONTROL İÇİNDE
A98: 46196 | B98: 68 | C98: 0 | D98: =C98/B98 -> 0 | E98: =$D$151+3*SQRT($D$151*(1-$D$151)/B98) -> 0.04084644 | F98: =MAX(0,$D$151-3*SQRT($D$151*(1-$D$151)/B98)) -> 0 | G98: =IF(AND(D98<=E98,D98>=F98),"KONTROL İÇİNDE"," KONTROL DIŞINDA") -> KONTROL İÇİNDE
A99: 46197 | B99: 42 | C99: 7 | D99: =C99/B99 -> 0.16666667 | E99: =$D$151+3*SQRT($D$151*(1-$D$151)/B99) -> 0.049754693 | F99: =MAX(0,$D$151-3*SQRT($D$151*(1-$D$151)/B99)) -> 0 | G99: =IF(AND(D99<=E99,D99>=F99),"KONTROL İÇİNDE"," KONTROL DIŞINDA") -> KONTROL DIŞINDA | H99: Kart Çalışışmıyor Dizgide Tamir Edildi
A100: 46198 | B100: 47 | C100: 0 | D100: =C100/B100 -> 0 | E100: =$D$151+3*SQRT($D$151*(1-$D$151)/B100) -> 0.047479233 | F100: =MAX(0,$D$151-3*SQRT($D$151*(1-$D$151)/B100)) -> 0 | G100: =IF(AND(D100<=E100,D100>=F100),"KONTROL İÇİNDE"," KONTROL DIŞINDA") -> KONTROL İÇİNDE
A101: 46199 | B101: 3 | C101: 0 | D101: =C101/B101 -> 0 | E101: =$D$151+3*SQRT($D$151*(1-$D$151)/B101) -> 0.16383211 | F101: =MAX(0,$D$151-3*SQRT($D$151*(1-$D$151)/B101)) -> 0 | G101: =IF(AND(D101<=E101,D101>=F101),"KONTROL İÇİNDE"," KONTROL DIŞINDA") -> KONTROL İÇİNDE
A102: 46203 | B102: 12 | C102: 0 | D102: =C102/B102 -> 0 | E102: =$D$151+3*SQRT($D$151*(1-$D$151)/B102) -> 0.08598894 | F102: =MAX(0,$D$151-3*SQRT($D$151*(1-$D$151)/B102)) -> 0 | G102: =IF(AND(D102<=E102,D102>=F102),"KONTROL İÇİNDE"," KONTROL DIŞINDA") -> KONTROL İÇİNDE
A103: 46205 | B103: 16 | C103: 0 | D103: =C103/B103 -> 0 | E103: =$D$151+3*SQRT($D$151*(1-$D$151)/B103) -> 0.075559932 | F103: =MAX(0,$D$151-3*SQRT($D$151*(1-$D$151)/B103)) -> 0 | G103: =IF(AND(D103<=E103,D103>=F103),"KONTROL İÇİNDE"," KONTROL DIŞINDA") -> KONTROL İÇİNDE
A104: 46206 | B104: 27 | C104: 0 | D104: =C104/B104 -> 0 | E104: =$D$151+3*SQRT($D$151*(1-$D$151)/B104) -> 0.060041215 | F104: =MAX(0,$D$151-3*SQRT($D$151*(1-$D$151)/B104)) -> 0 | G104: =IF(AND(D104<=E104,D104>=F104),"KONTROL İÇİNDE"," KONTROL DIŞINDA") -> KONTROL İÇİNDE
A105: 46207 | B105: 224 | C105: 0 | D105: =C105/B105 -> 0 | E105: =$D$151+3*SQRT($D$151*(1-$D$151)/B105) -> 0.02616296 | F105: =MAX(0,$D$151-3*SQRT($D$151*(1-$D$151)/B105)) -> 0 | G105: =IF(AND(D105<=E105,D105>=F105),"KONTROL İÇİNDE"," KONTROL DIŞINDA") -> KONTROL İÇİNDE
A106: 46209 | B106: 24 | C106: 0 | D106: =C106/B106 -> 0 | E106: =$D$151+3*SQRT($D$151*(1-$D$151)/B106) -> 0.063189202 | F106: =MAX(0,$D$151-3*SQRT($D$151*(1-$D$151)/B106)) -> 0 | G106: =IF(AND(D106<=E106,D106>=F106),"KONTROL İÇİNDE"," KONTROL DIŞINDA") -> KONTROL İÇİNDE
A107: 46210 | B107: 11 | C107: 0 | D107: =C107/B107 -> 0 | E107: =$D$151+3*SQRT($D$151*(1-$D$151)/B107) -> 0.089450309 | F107: =MAX(0,$D$151-3*SQRT($D$151*(1-$D$151)/B107)) -> 0 | G107: =IF(AND(D107<=E107,D107>=F107),"KONTROL İÇİNDE"," KONTROL DIŞINDA") -> KONTROL İÇİNDE
A108: 46211 | B108: 60 | C108: 0 | D108: =C108/B108 -> 0 | E108: =$D$151+3*SQRT($D$151*(1-$D$151)/B108) -> 0.042958292 | F108: =MAX(0,$D$151-3*SQRT($D$151*(1-$D$151)/B108)) -> 0 | G108: =IF(AND(D108<=E108,D108>=F108),"KONTROL İÇİNDE"," KONTROL DIŞINDA") -> KONTROL İÇİNDE
A109: 46212 | B109: 41 | C109: 0 | D109: =C109/B109 -> 0 | E109: =$D$151+3*SQRT($D$151*(1-$D$151)/B109) -> 0.050259062 | F109: =MAX(0,$D$151-3*SQRT($D$151*(1-$D$151)/B109)) -> 0 | G109: =IF(AND(D109<=E109,D109>=F109),"KONTROL İÇİNDE"," KONTROL DIŞINDA") -> KONTROL İÇİNDE
A110: 46213 | B110: 4 | C110: 0 | D110: =C110/B110 -> 0 | E110: =$D$151+3*SQRT($D$151*(1-$D$151)/B110) -> 0.1429741 | F110: =MAX(0,$D$151-3*SQRT($D$151*(1-$D$151)/B110)) -> 0 | G110: =IF(AND(D110<=E110,D110>=F110),"KONTROL İÇİNDE"," KONTROL DIŞINDA") -> KONTROL İÇİNDE
A111: 46216 | B111: 3 | C111: 0 | D111: =C111/B111 -> 0 | E111: =$D$151+3*SQRT($D$151*(1-$D$151)/B111) -> 0.16383211 | F111: =MAX(0,$D$151-3*SQRT($D$151*(1-$D$151)/B111)) -> 0 | G111: =IF(AND(D111<=E111,D111>=F111),"KONTROL İÇİNDE"," KONTROL DIŞINDA") -> KONTROL İÇİNDE
... A150: 46262 | B150: 57 | C150: 0 | D150: =C150/B150 -> 0 | E150: =$D$151+3*SQRT($D$151*(1-$D$151)/B150) -> 0.043862664 | F150: =MAX(0,$D$151-3*SQRT($D$151*(1-$D$151)/B150)) -> 0 | G150: =IF(AND(D150<=E150,D150>=F150),"KONTROL İÇİNDE"," KONTROL DIŞINDA") -> KONTROL İÇİNDE
B151: =SUM(B2:B150) -> 4665 | C151: =SUM(C2:C150) -> 38 | D151: =C151/B151 -> 0.0081457663

Sheet Yazılım SW Hatası
A1: KONTROL TARİHİ | B1: KONTROL EDİLEN ÜRÜN ADEDİ | C1: HATALI ÜRÜN ADEDİ | D1: P BAR | E1: UCL | F1: LCL | G1: KONTROL
A2: 46029 | B2: 2 | C2: 0 | D2: =C2/B2 -> 0 | E2: =$D$148+3*SQRT($D$148*(1-$D$148)/B2) -> 0.15554613 | F2: =MAX(0,$D$148-3*SQRT($D$148*(1-$D$148)/B2)) -> 0 | G2: =IF(AND(D2<=E2,D2>=F2),"KONTROL İÇİNDE"," KONTROL DIŞINDA") -> KONTROL İÇİNDE
A3: 46030 | B3: 34 | C3: 0 | D3: =C3/B3 -> 0 | E3: =$D$148+3*SQRT($D$148*(1-$D$148)/B3) -> 0.041556861 | F3: =MAX(0,$D$148-3*SQRT($D$148*(1-$D$148)/B3)) -> 0 | G3: =IF(AND(D3<=E3,D3>=F3),"KONTROL İÇİNDE"," KONTROL DIŞINDA") -> KONTROL İÇİNDE
A4: 46031 | B4: 1 | C4: 0 | D4: =C4/B4 -> 0 | E4: =$D$148+3*SQRT($D$148*(1-$D$148)/B4) -> 0.21788029 | F4: =MAX(0,$D$148-3*SQRT($D$148*(1-$D$148)/B4)) -> 0 | G4: =IF(AND(D4<=E4,D4>=F4),"KONTROL İÇİNDE"," KONTROL DIŞINDA") -> KONTROL İÇİNDE
A5: 46035 | B5: 81 | C5: 0 | D5: =C5/B5 -> 0 | E5: =$D$148+3*SQRT($D$148*(1-$D$148)/B5) -> 0.028705071 | F5: =MAX(0,$D$148-3*SQRT($D$148*(1-$D$148)/B5)) -> 0 | G5: =IF(AND(D5<=E5,D5>=F5),"KONTROL İÇİNDE"," KONTROL DIŞINDA") -> KONTROL İÇİNDE
A6: 46037 | B6: 6 | C6: 0 | D6: =C6/B6 -> 0 | E6: =$D$148+3*SQRT($D$148*(1-$D$148)/B6) -> 0.091942436 | F6: =MAX(0,$D$148-3*SQRT($D$148*(1-$D$148)/B6)) -> 0 | G6: =IF(AND(D6<=E6,D6>=F6),"KONTROL İÇİNDE"," KONTROL DIŞINDA") -> KONTROL İÇİNDE
A7: 46038 | B7: 5 | C7: 0 | D7: =C7/B7 -> 0 | E7: =$D$148+3*SQRT($D$148*(1-$D$148)/B7) -> 0.10023511 | F7: =MAX(0,$D$148-3*SQRT($D$148*(1-$D$148)/B7)) -> 0 | G7: =IF(AND(D7<=E7,D7>=F7),"KONTROL İÇİNDE"," KONTROL DIŞINDA") -> KONTROL İÇİNDE
A8: 46041 | B8: 12 | C8: 0 | D8: =C8/B8 -> 0 | E8: =$D$148+3*SQRT($D$148*(1-$D$148)/B8) -> 0.066494623 | F8: =MAX(0,$D$148-3*SQRT($D$148*(1-$D$148)/B8)) -> 0 | G8: =IF(AND(D8<=E8,D8>=F8),"KONTROL İÇİNDE"," KONTROL DIŞINDA") -> KONTROL İÇİNDE
A9: 46043 | B9: 316 | C9: 2 | D9: =C9/B9 -> 0.0063291139 | E9: =$D$148+3*SQRT($D$148*(1-$D$148)/B9) -> 0.017030349 | F9: =MAX(0,$D$148-3*SQRT($D$148*(1-$D$148)/B9)) -> 0 | G9: =IF(AND(D9<=E9,D9>=F9),"KONTROL İÇİNDE"," KONTROL DIŞINDA") -> KONTROL İÇİNDE
A10: 46045 | B10: 400 | C10: 1 | D10: =C10/B10 -> 0.0025 | E10: =$D$148+3*SQRT($D$148*(1-$D$148)/B10) -> 0.015699275 | F10: =MAX(0,$D$148-3*SQRT($D$148*(1-$D$148)/B10)) -> 0 | G10: =IF(AND(D10<=E10,D10>=F10),"KONTROL İÇİNDE"," KONTROL DIŞINDA") -> KONTROL İÇİNDE
A11: 46048 | B11: 2 | C11: 0 | D11: =C11/B11 -> 0 | E11: =$D$148+3*SQRT($D$148*(1-$D$148)/B11) -> 0.15554613 | F11: =MAX(0,$D$148-3*SQRT($D$148*(1-$D$148)/B11)) -> 0 | G11: =IF(AND(D11<=E11,D11>=F11),"KONTROL İÇİNDE"," KONTROL DIŞINDA") -> KONTROL İÇİNDE
A12: 46050 | B12: 205 | C12: 1 | D12: =C12/B12 -> 0.0048780488 | E12: =$D$148+3*SQRT($D$148*(1-$D$148)/B12) -> 0.019922311 | F12: =MAX(0,$D$148-3*SQRT($D$148*(1-$D$148)/B12)) -> 0 | G12: =IF(AND(D12<=E12,D12>=F12),"KONTROL İÇİNDE"," KONTROL DIŞINDA") -> KONTROL İÇİNDE
A13: 46052 | B13: 200 | C13: 1 | D13: =C13/B13 -> 0.005 | E13: =$D$148+3*SQRT($D$148*(1-$D$148)/B13) -> 0.020106965 | F13: =MAX(0,$D$148-3*SQRT($D$148*(1-$D$148)/B13)) -> 0 | G13: =IF(AND(D13<=E13,D13>=F13),"KONTROL İÇİNDE"," KONTROL DIŞINDA") -> KONTROL İÇİNDE
... A147: 46262 | B147: 57 | C147: 0 | D147: =C147/B147 -> 0 | E147: =$D$148+3*SQRT($D$148*(1-$D$148)/B147) -> 0.033247147 | F147: =MAX(0,$D$148-3*SQRT($D$148*(1-$D$148)/B147)) -> 0 | G147: =IF(AND(D147<=E147,D147>=F147),"KONTROL İÇİNDE"," KONTROL DIŞINDA") -> KONTROL İÇİNDE
B148: =SUM(B2:B147) -> 5931 | C148: =SUM(C2:C147) -> 30 | D148: =C148/B148 -> 0.0050581689

Sheet Elektronik- Fonksiyon Hatası 
A1: KONTROL TARİHİ | B1: KONTROL EDİLEN ÜRÜN ADEDİ | C1: HATALI ÜRÜN ADEDİ | D1: P BAR | E1: UCL | F1: LCL | G1: KONTROL
A2: 46029 | B2: 2 | C2: 0 | D2: =C2/B2 -> 0 | E2: =$D$148+3*SQRT($D$148*(1-$D$148)/B2) -> 0.16674154 | F2: =MAX(0,$D$148-3*SQRT($D$148*(1-$D$148)/B2)) -> 0 | G2: =IF(AND(D2<=E2,D2>=F2),"KONTROL İÇİNDE"," KONTROL DIŞINDA") -> KONTROL İÇİNDE
A3: 46030 | B3: 34 | C3: 0 | D3: =C3/B3 -> 0 | E3: =$D$148+3*SQRT($D$148*(1-$D$148)/B3) -> 0.044826683 | F3: =MAX(0,$D$148-3*SQRT($D$148*(1-$D$148)/B3)) -> 0 | G3: =IF(AND(D3<=E3,D3>=F3),"KONTROL İÇİNDE"," KONTROL DIŞINDA") -> KONTROL İÇİNDE
A4: 46031 | B4: 1 | C4: 0 | D4: =C4/B4 -> 0 | E4: =$D$148+3*SQRT($D$148*(1-$D$148)/B4) -> 0.23340975 | F4: =MAX(0,$D$148-3*SQRT($D$148*(1-$D$148)/B4)) -> 0 | G4: =IF(AND(D4<=E4,D4>=F4),"KONTROL İÇİNDE"," KONTROL DIŞINDA") -> KONTROL İÇİNDE
A5: 46035 | B5: 81 | C5: 0 | D5: =C5/B5 -> 0 | E5: =$D$148+3*SQRT($D$148*(1-$D$148)/B5) -> 0.031081318 | F5: =MAX(0,$D$148-3*SQRT($D$148*(1-$D$148)/B5)) -> 0 | G5: =IF(AND(D5<=E5,D5>=F5),"KONTROL İÇİNDE"," KONTROL DIŞINDA") -> KONTROL İÇİNDE
A6: 46037 | B6: 6 | C6: 0 | D6: =C6/B6 -> 0 | E6: =$D$148+3*SQRT($D$148*(1-$D$148)/B6) -> 0.098715529 | F6: =MAX(0,$D$148-3*SQRT($D$148*(1-$D$148)/B6)) -> 0 | G6: =IF(AND(D6<=E6,D6>=F6),"KONTROL İÇİNDE"," KONTROL DIŞINDA") -> KONTROL İÇİNDE
A7: 46038 | B7: 2 | C7: 0 | D7: =C7/B7 -> 0 | E7: =$D$148+3*SQRT($D$148*(1-$D$148)/B7) -> 0.16674154 | F7: =MAX(0,$D$148-3*SQRT($D$148*(1-$D$148)/B7)) -> 0 | G7: =IF(AND(D7<=E7,D7>=F7),"KONTROL İÇİNDE"," KONTROL DIŞINDA") -> KONTROL İÇİNDE
A8: 46041 | B8: 12 | C8: 0 | D8: =C8/B8 -> 0 | E8: =$D$148+3*SQRT($D$148*(1-$D$148)/B8) -> 0.071498349 | F8: =MAX(0,$D$148-3*SQRT($D$148*(1-$D$148)/B8)) -> 0 | G8: =IF(AND(D8<=E8,D8>=F8),"KONTROL İÇİNDE"," KONTROL DIŞINDA") -> KONTROL İÇİNDE
A9: 46043 | B9: 316 | C9: 5 | D9: =C9/B9 -> 0.015822785 | E9: =$D$148+3*SQRT($D$148*(1-$D$148)/B9) -> 0.01859486 | F9: =MAX(0,$D$148-3*SQRT($D$148*(1-$D$148)/B9)) -> 0 | G9: =IF(AND(D9<=E9,D9>=F9),"KONTROL İÇİNDE"," KONTROL DIŞINDA") -> KONTROL İÇİNDE
A10: 46045 | B10: 60 | C10: 2 | D10: =C10/B10 -> 0.033333333 | E10: =$D$148+3*SQRT($D$148*(1-$D$148)/B10) -> 0.035175813 | F10: =MAX(0,$D$148-3*SQRT($D$148*(1-$D$148)/B10)) -> 0 | G10: =IF(AND(D10<=E10,D10>=F10),"KONTROL İÇİNDE"," KONTROL DIŞINDA") -> KONTROL İÇİNDE
A11: 46048 | B11: 2 | C11: 0 | D11: =C11/B11 -> 0 | E11: =$D$148+3*SQRT($D$148*(1-$D$148)/B11) -> 0.16674154 | F11: =MAX(0,$D$148-3*SQRT($D$148*(1-$D$148)/B11)) -> 0 | G11: =IF(AND(D11<=E11,D11>=F11),"KONTROL İÇİNDE"," KONTROL DIŞINDA") -> KONTROL İÇİNDE
A12: 46050 | B12: 205 | C12: 0 | D12: =C12/B12 -> 0 | E12: =$D$148+3*SQRT($D$148*(1-$D$148)/B12) -> 0.021687898 | F12: =MAX(0,$D$148-3*SQRT($D$148*(1-$D$148)/B12)) -> 0 | G12: =IF(AND(D12<=E12,D12>=F12),"KONTROL İÇİNDE"," KONTROL DIŞINDA") -> KONTROL İÇİNDE
A13: 46052 | B13: 6 | C13: 0 | D13: =C13/B13 -> 0 | E13: =$D$148+3*SQRT($D$148*(1-$D$148)/B13) -> 0.098715529 | F13: =MAX(0,$D$148-3*SQRT($D$148*(1-$D$148)/B13)) -> 0 | G13: =IF(AND(D13<=E13,D13>=F13),"KONTROL İÇİNDE"," KONTROL DIŞINDA") -> KONTROL İÇİNDE
... A147: 46262 | B147: 57 | C147: 0 | D147: =C147/B147 -> 0 | E147: =$D$148+3*SQRT($D$148*(1-$D$148)/B147) -> 0.035939201 | F147: =MAX(0,$D$148-3*SQRT($D$148*(1-$D$148)/B147)) -> 0 | G147: =IF(AND(D147<=E147,D147>=F147),"KONTROL İÇİNDE"," KONTROL DIŞINDA") -> KONTROL İÇİNDE
A148: Genel Toplam | B148: 4663 | C148: 27 | D148: =C148/B148 -> 0.0057902638

Sheet Markalama etiiket hatası
A1: KONTROL TARİHİ | B1: KONTROL EDİLEN ÜRÜN ADEDİ | C1: HATALI ÜRÜN ADEDİ | D1: p | E1: ucl | F1: lcl | G1: Kontrol
A2: 46028 | B2: 4 | C2: 4 | D2: =C2/B2 -> 1 | E2: =$D$150+3*SQRT($D$150*(1-$D$150)/B2) -> 0.092892545 | F2: =MAX(0,$D$150-3*SQRT($D$150*(1-$D$150)/B2)) -> 0 | G2: =IF(AND(D2<=E2,D2>=F2),"KONTROL İÇİNDE"," KONTROL DIŞINDA") -> KONTROL DIŞINDA | H2: Piranometrelere sonradan yapılan yazılım güncellemesinden dolayı sw değerleri ürünün içinde başka etiket ve markalamada bakadır Gülbahar Güven onayı ile gitmiştir
A3: 46029 | B3: 2 | C3: 0 | D3: =C3/B3 -> 0 | E3: =$D$150+3*SQRT($D$150*(1-$D$150)/B3) -> 0.1298955 | F3: =MAX(0,$D$150-3*SQRT($D$150*(1-$D$150)/B3)) -> 0 | G3: =IF(AND(D3<=E3,D3>=F3),"KONTROL İÇİNDE"," KONTROL DIŞINDA") -> KONTROL İÇİNDE
A4: 46030 | B4: 34 | C4: 0 | D4: =C4/B4 -> 0 | E4: =$D$150+3*SQRT($D$150*(1-$D$150)/B4) -> 0.034200489 | F4: =MAX(0,$D$150-3*SQRT($D$150*(1-$D$150)/B4)) -> 0 | G4: =IF(AND(D4<=E4,D4>=F4),"KONTROL İÇİNDE"," KONTROL DIŞINDA") -> KONTROL İÇİNDE
A5: 46031 | B5: 1 | C5: 0 | D5: =C5/B5 -> 0 | E5: =$D$150+3*SQRT($D$150*(1-$D$150)/B5) -> 0.18222558 | F5: =MAX(0,$D$150-3*SQRT($D$150*(1-$D$150)/B5)) -> 0 | G5: =IF(AND(D5<=E5,D5>=F5),"KONTROL İÇİNDE"," KONTROL DIŞINDA") -> KONTROL İÇİNDE
A6: 46035 | B6: 81 | C6: 0 | D6: =C6/B6 -> 0 | E6: =$D$150+3*SQRT($D$150*(1-$D$150)/B6) -> 0.023411296 | F6: =MAX(0,$D$150-3*SQRT($D$150*(1-$D$150)/B6)) -> 0 | G6: =IF(AND(D6<=E6,D6>=F6),"KONTROL İÇİNDE"," KONTROL DIŞINDA") -> KONTROL İÇİNDE
A7: 46037 | B7: 6 | C7: 0 | D7: =C7/B7 -> 0 | E7: =$D$150+3*SQRT($D$150*(1-$D$150)/B7) -> 0.076499628 | F7: =MAX(0,$D$150-3*SQRT($D$150*(1-$D$150)/B7)) -> 0 | G7: =IF(AND(D7<=E7,D7>=F7),"KONTROL İÇİNDE"," KONTROL DIŞINDA") -> KONTROL İÇİNDE
A8: 46038 | B8: 2 | C8: 0 | D8: =C8/B8 -> 0 | E8: =$D$150+3*SQRT($D$150*(1-$D$150)/B8) -> 0.1298955 | F8: =MAX(0,$D$150-3*SQRT($D$150*(1-$D$150)/B8)) -> 0 | G8: =IF(AND(D8<=E8,D8>=F8),"KONTROL İÇİNDE"," KONTROL DIŞINDA") -> KONTROL İÇİNDE
A9: 46041 | B9: 12 | C9: 0 | D9: =C9/B9 -> 0 | E9: =$D$150+3*SQRT($D$150*(1-$D$150)/B9) -> 0.055135962 | F9: =MAX(0,$D$150-3*SQRT($D$150*(1-$D$150)/B9)) -> 0 | G9: =IF(AND(D9<=E9,D9>=F9),"KONTROL İÇİNDE"," KONTROL DIŞINDA") -> KONTROL İÇİNDE
A10: 46042 | B10: 1 | C10: 1 | D10: =C10/B10 -> 1 | E10: =$D$150+3*SQRT($D$150*(1-$D$150)/B10) -> 0.18222558 | F10: =MAX(0,$D$150-3*SQRT($D$150*(1-$D$150)/B10)) -> 0 | G10: =IF(AND(D10<=E10,D10>=F10),"KONTROL İÇİNDE"," KONTROL DIŞINDA") -> KONTROL DIŞINDA | H10: Ürünün Üzerinde 3S-IS-2-AT Markalaması Var Fakat Müşteri Harici Olarak Rüzgar Hız İstemiş Özcan Bey Müşterinin Bilgisi Olduğunu Belirtti
A11: 46043 | B11: 316 | C11: 0 | D11: =C11/B11 -> 0 | E11: =$D$150+3*SQRT($D$150*(1-$D$150)/B11) -> 0.013610262 | F11: =MAX(0,$D$150-3*SQRT($D$150*(1-$D$150)/B11)) -> 0 | G11: =IF(AND(D11<=E11,D11>=F11),"KONTROL İÇİNDE"," KONTROL DIŞINDA") -> KONTROL İÇİNDE
A12: 46045 | B12: 9 | C12: 1 | D12: =C12/B12 -> 0.11111111 | E12: =$D$150+3*SQRT($D$150*(1-$D$150)/B12) -> 0.063114867 | F12: =MAX(0,$D$150-3*SQRT($D$150*(1-$D$150)/B12)) -> 0 | G12: =IF(AND(D12<=E12,D12>=F12),"KONTROL İÇİNDE"," KONTROL DIŞINDA") -> KONTROL DIŞINDA
A13: 46048 | B13: 2 | C13: 0 | D13: =C13/B13 -> 0 | E13: =$D$150+3*SQRT($D$150*(1-$D$150)/B13) -> 0.1298955 | F13: =MAX(0,$D$150-3*SQRT($D$150*(1-$D$150)/B13)) -> 0 | G13: =IF(AND(D13<=E13,D13>=F13),"KONTROL İÇİNDE"," KONTROL DIŞINDA") -> KONTROL İÇİNDE
A14: 46050 | B14: 205 | C14: 0 | D14: =C14/B14 -> 0 | E14: =$D$150+3*SQRT($D$150*(1-$D$150)/B14) -> 0.01603809 | F14: =MAX(0,$D$150-3*SQRT($D$150*(1-$D$150)/B14)) -> 0 | G14: =IF(AND(D14<=E14,D14>=F14),"KONTROL İÇİNDE"," KONTROL DIŞINDA") -> KONTROL İÇİNDE
A15: 46052 | B15: 6 | C15: 0 | D15: =C15/B15 -> 0 | E15: =$D$150+3*SQRT($D$150*(1-$D$150)/B15) -> 0.076499628 | F15: =MAX(0,$D$150-3*SQRT($D$150*(1-$D$150)/B15)) -> 0 | G15: =IF(AND(D15<=E15,D15>=F15),"KONTROL İÇİNDE"," KONTROL DIŞINDA") -> KONTROL İÇİNDE
A16: 46055 | B16: 2 | C16: 0 | D16: =C16/B16 -> 0 | E16: =$D$150+3*SQRT($D$150*(1-$D$150)/B16) -> 0.1298955 | F16: =MAX(0,$D$150-3*SQRT($D$150*(1-$D$150)/B16)) -> 0 | G16: =IF(AND(D16<=E16,D16>=F16),"KONTROL İÇİNDE"," KONTROL DIŞINDA") -> KONTROL İÇİNDE
A17: 46056 | B17: 1 | C17: 0 | D17: =C17/B17 -> 0 | E17: =$D$150+3*SQRT($D$150*(1-$D$150)/B17) -> 0.18222558 | F17: =MAX(0,$D$150-3*SQRT($D$150*(1-$D$150)/B17)) -> 0 | G17: =IF(AND(D17<=E17,D17>=F17),"KONTROL İÇİNDE"," KONTROL DIŞINDA") -> KONTROL İÇİNDE
A18: 46057 | B18: 7 | C18: 0 | D18: =C18/B18 -> 0 | E18: =$D$150+3*SQRT($D$150*(1-$D$150)/B18) -> 0.071088937 | F18: =MAX(0,$D$150-3*SQRT($D$150*(1-$D$150)/B18)) -> 0 | G18: =IF(AND(D18<=E18,D18>=F18),"KONTROL İÇİNDE"," KONTROL DIŞINDA") -> KONTROL İÇİNDE
A19: 46058 | B19: 7 | C19: 1 | D19: =C19/B19 -> 0.14285714 | E19: =$D$150+3*SQRT($D$150*(1-$D$150)/B19) -> 0.071088937 | F19: =MAX(0,$D$150-3*SQRT($D$150*(1-$D$150)/B19)) -> 0 | G19: =IF(AND(D19<=E19,D19>=F19),"KONTROL İÇİNDE"," KONTROL DIŞINDA") -> KONTROL DIŞINDA | H19: Markalama Hatası
A20: 46059 | B20: 18 | C20: 1 | D20: =C20/B20 -> 0.055555556 | E20: =$D$150+3*SQRT($D$150*(1-$D$150)/B20) -> 0.045671507 | F20: =MAX(0,$D$150-3*SQRT($D$150*(1-$D$150)/B20)) -> 0 | G20: =IF(AND(D20<=E20,D20>=F20),"KONTROL İÇİNDE"," KONTROL DIŞINDA") -> KONTROL DIŞINDA | H20: Markalama Hatası
A21: 46062 | B21: 25 | C21: 0 | D21: =C21/B21 -> 0 | E21: =$D$150+3*SQRT($D$150*(1-$D$150)/B21) -> 0.039292724 | F21: =MAX(0,$D$150-3*SQRT($D$150*(1-$D$150)/B21)) -> 0 | G21: =IF(AND(D21<=E21,D21>=F21),"KONTROL İÇİNDE"," KONTROL DIŞINDA") -> KONTROL İÇİNDE
A22: 46063 | B22: 4 | C22: 0 | D22: =C22/B22 -> 0 | E22: =$D$150+3*SQRT($D$150*(1-$D$150)/B22) -> 0.092892545 | F22: =MAX(0,$D$150-3*SQRT($D$150*(1-$D$150)/B22)) -> 0 | G22: =IF(AND(D22<=E22,D22>=F22),"KONTROL İÇİNDE"," KONTROL DIŞINDA") -> KONTROL İÇİNDE
A23: 46064 | B23: 2 | C23: 0 | D23: =C23/B23 -> 0 | E23: =$D$150+3*SQRT($D$150*(1-$D$150)/B23) -> 0.1298955 | F23: =MAX(0,$D$150-3*SQRT($D$150*(1-$D$150)/B23)) -> 0 | G23: =IF(AND(D23<=E23,D23>=F23),"KONTROL İÇİNDE"," KONTROL DIŞINDA") -> KONTROL İÇİNDE
A24: 46065 | B24: 86 | C24: 0 | D24: =C24/B24 -> 0 | E24: =$D$150+3*SQRT($D$150*(1-$D$150)/B24) -> 0.022825568 | F24: =MAX(0,$D$150-3*SQRT($D$150*(1-$D$150)/B24)) -> 0 | G24: =IF(AND(D24<=E24,D24>=F24),"KONTROL İÇİNDE"," KONTROL DIŞINDA") -> KONTROL İÇİNDE
A25: 46066 | B25: 16 | C25: 0 | D25: =C25/B25 -> 0 | E25: =$D$150+3*SQRT($D$150*(1-$D$150)/B25) -> 0.048226028 | F25: =MAX(0,$D$150-3*SQRT($D$150*(1-$D$150)/B25)) -> 0 | G25: =IF(AND(D25<=E25,D25>=F25),"KONTROL İÇİNDE"," KONTROL DIŞINDA") -> KONTROL İÇİNDE
A26: 46069 | B26: 7 | C26: 0 | D26: =C26/B26 -> 0 | E26: =$D$150+3*SQRT($D$150*(1-$D$150)/B26) -> 0.071088937 | F26: =MAX(0,$D$150-3*SQRT($D$150*(1-$D$150)/B26)) -> 0 | G26: =IF(AND(D26<=E26,D26>=F26),"KONTROL İÇİNDE"," KONTROL DIŞINDA") -> KONTROL İÇİNDE
A27: 46070 | B27: 11 | C27: 0 | D27: =C27/B27 -> 0 | E27: =$D$150+3*SQRT($D$150*(1-$D$150)/B27) -> 0.057429357 | F27: =MAX(0,$D$150-3*SQRT($D$150*(1-$D$150)/B27)) -> 0 | G27: =IF(AND(D27<=E27,D27>=F27),"KONTROL İÇİNDE"," KONTROL DIŞINDA") -> KONTROL İÇİNDE
A28: 46071 | B28: 6 | C28: 0 | D28: =C28/B28 -> 0 | E28: =$D$150+3*SQRT($D$150*(1-$D$150)/B28) -> 0.076499628 | F28: =MAX(0,$D$150-3*SQRT($D$150*(1-$D$150)/B28)) -> 0 | G28: =IF(AND(D28<=E28,D28>=F28),"KONTROL İÇİNDE"," KONTROL DIŞINDA") -> KONTROL İÇİNDE
A29: 46072 | B29: 8 | C29: 0 | D29: =C29/B29 -> 0 | E29: =$D$150+3*SQRT($D$150*(1-$D$150)/B29) -> 0.066727505 | F29: =MAX(0,$D$150-3*SQRT($D$150*(1-$D$150)/B29)) -> 0 | G29: =IF(AND(D29<=E29,D29>=F29),"KONTROL İÇİNDE"," KONTROL DIŞINDA") -> KONTROL İÇİNDE
A30: 46076 | B30: 12 | C30: 0 | D30: =C30/B30 -> 0 | E30: =$D$150+3*SQRT($D$150*(1-$D$150)/B30) -> 0.055135962 | F30: =MAX(0,$D$150-3*SQRT($D$150*(1-$D$150)/B30)) -> 0 | G30: =IF(AND(D30<=E30,D30>=F30),"KONTROL İÇİNDE"," KONTROL DIŞINDA") -> KONTROL İÇİNDE
A31: 46077 | B31: 5 | C31: 0 | D31: =C31/B31 -> 0 | E31: =$D$150+3*SQRT($D$150*(1-$D$150)/B31) -> 0.083461405 | F31: =MAX(0,$D$150-3*SQRT($D$150*(1-$D$150)/B31)) -> 0 | G31: =IF(AND(D31<=E31,D31>=F31),"KONTROL İÇİNDE"," KONTROL DIŞINDA") -> KONTROL İÇİNDE
A32: 46078 | B32: 3 | C32: 0 | D32: =C32/B32 -> 0 | E32: =$D$150+3*SQRT($D$150*(1-$D$150)/B32) -> 0.10671241 | F32: =MAX(0,$D$150-3*SQRT($D$150*(1-$D$150)/B32)) -> 0 | G32: =IF(AND(D32<=E32,D32>=F32),"KONTROL İÇİNDE"," KONTROL DIŞINDA") -> KONTROL İÇİNDE
A33: 46079 | B33: 3 | C33: 1 | D33: =C33/B33 -> 0.33333333 | E33: =$D$150+3*SQRT($D$150*(1-$D$150)/B33) -> 0.10671241 | F33: =MAX(0,$D$150-3*SQRT($D$150*(1-$D$150)/B33)) -> 0 | G33: =IF(AND(D33<=E33,D33>=F33),"KONTROL İÇİNDE"," KONTROL DIŞINDA") -> KONTROL DIŞINDA | H33: İlk Testte Kalibrasyon Değeri Yanlış Yazıldığı İçin Markalma Yanlış Yapılmış
A34: 46081 | B34: 28 | C34: 0 | D34: =C34/B34 -> 0 | E34: =$D$150+3*SQRT($D$150*(1-$D$150)/B34) -> 0.037324224 | F34: =MAX(0,$D$150-3*SQRT($D$150*(1-$D$150)/B34)) -> 0 | G34: =IF(AND(D34<=E34,D34>=F34),"KONTROL İÇİNDE"," KONTROL DIŞINDA") -> KONTROL İÇİNDE
A35: 46083 | B35: 2 | C35: 0 | D35: =C35/B35 -> 0 | E35: =$D$150+3*SQRT($D$150*(1-$D$150)/B35) -> 0.1298955 | F35: =MAX(0,$D$150-3*SQRT($D$150*(1-$D$150)/B35)) -> 0 | G35: =IF(AND(D35<=E35,D35>=F35),"KONTROL İÇİNDE"," KONTROL DIŞINDA") -> KONTROL İÇİNDE
A36: 46084 | B36: 133 | C36: 0 | D36: =C36/B36 -> 0 | E36: =$D$150+3*SQRT($D$150*(1-$D$150)/B36) -> 0.019051823 | F36: =MAX(0,$D$150-3*SQRT($D$150*(1-$D$150)/B36)) -> 0 | G36: =IF(AND(D36<=E36,D36>=F36),"KONTROL İÇİNDE"," KONTROL DIŞINDA") -> KONTROL İÇİNDE
A37: 46086 | B37: 5 | C37: 0 | D37: =C37/B37 -> 0 | E37: =$D$150+3*SQRT($D$150*(1-$D$150)/B37) -> 0.083461405 | F37: =MAX(0,$D$150-3*SQRT($D$150*(1-$D$150)/B37)) -> 0 | G37: =IF(AND(D37<=E37,D37>=F37),"KONTROL İÇİNDE"," KONTROL DIŞINDA") -> KONTROL İÇİNDE
A38: 46087 | B38: 14 | C38: 2 | D38: =C38/B38 -> 0.14285714 | E38: =$D$150+3*SQRT($D$150*(1-$D$150)/B38) -> 0.051310026 | F38: =MAX(0,$D$150-3*SQRT($D$150*(1-$D$150)/B38)) -> 0 | G38: =IF(AND(D38<=E38,D38>=F38),"KONTROL İÇİNDE"," KONTROL DIŞINDA") -> KONTROL DIŞINDA | H38: Markalama Hatası
A39: 46090 | B39: 2 | C39: 0 | D39: =C39/B39 -> 0 | E39: =$D$150+3*SQRT($D$150*(1-$D$150)/B39) -> 0.1298955 | F39: =MAX(0,$D$150-3*SQRT($D$150*(1-$D$150)/B39)) -> 0 | G39: =IF(AND(D39<=E39,D39>=F39),"KONTROL İÇİNDE"," KONTROL DIŞINDA") -> KONTROL İÇİNDE
A40: 46091 | B40: 2 | C40: 0 | D40: =C40/B40 -> 0 | E40: =$D$150+3*SQRT($D$150*(1-$D$150)/B40) -> 0.1298955 | F40: =MAX(0,$D$150-3*SQRT($D$150*(1-$D$150)/B40)) -> 0 | G40: =IF(AND(D40<=E40,D40>=F40),"KONTROL İÇİNDE"," KONTROL DIŞINDA") -> KONTROL İÇİNDE
A41: 46092 | B41: 9 | C41: 0 | D41: =C41/B41 -> 0 | E41: =$D$150+3*SQRT($D$150*(1-$D$150)/B41) -> 0.063114867 | F41: =MAX(0,$D$150-3*SQRT($D$150*(1-$D$150)/B41)) -> 0 | G41: =IF(AND(D41<=E41,D41>=F41),"KONTROL İÇİNDE"," KONTROL DIŞINDA") -> KONTROL İÇİNDE
A42: 46093 | B42: 23 | C42: 0 | D42: =C42/B42 -> 0 | E42: =$D$150+3*SQRT($D$150*(1-$D$150)/B42) -> 0.040813961 | F42: =MAX(0,$D$150-3*SQRT($D$150*(1-$D$150)/B42)) -> 0 | G42: =IF(AND(D42<=E42,D42>=F42),"KONTROL İÇİNDE"," KONTROL DIŞINDA") -> KONTROL İÇİNDE
A43: 46094 | B43: 1 | C43: 0 | D43: =C43/B43 -> 0 | E43: =$D$150+3*SQRT($D$150*(1-$D$150)/B43) -> 0.18222558 | F43: =MAX(0,$D$150-3*SQRT($D$150*(1-$D$150)/B43)) -> 0 | G43: =IF(AND(D43<=E43,D43>=F43),"KONTROL İÇİNDE"," KONTROL DIŞINDA") -> KONTROL İÇİNDE
A44: 46096 | B44: 1 | C44: 0 | D44: =C44/B44 -> 0 | E44: =$D$150+3*SQRT($D$150*(1-$D$150)/B44) -> 0.18222558 | F44: =MAX(0,$D$150-3*SQRT($D$150*(1-$D$150)/B44)) -> 0 | G44: =IF(AND(D44<=E44,D44>=F44),"KONTROL İÇİNDE"," KONTROL DIŞINDA") -> KONTROL İÇİNDE
A45: 46097 | B45: 33 | C45: 0 | D45: =C45/B45 -> 0 | E45: =$D$150+3*SQRT($D$150*(1-$D$150)/B45) -> 0.034661281 | F45: =MAX(0,$D$150-3*SQRT($D$150*(1-$D$150)/B45)) -> 0 | G45: =IF(AND(D45<=E45,D45>=F45),"KONTROL İÇİNDE"," KONTROL DIŞINDA") -> KONTROL İÇİNDE
A46: 46098 | B46: 17 | C46: 0 | D46: =C46/B46 -> 0 | E46: =$D$150+3*SQRT($D$150*(1-$D$150)/B46) -> 0.046892397 | F46: =MAX(0,$D$150-3*SQRT($D$150*(1-$D$150)/B46)) -> 0 | G46: =IF(AND(D46<=E46,D46>=F46),"KONTROL İÇİNDE"," KONTROL DIŞINDA") -> KONTROL İÇİNDE
A47: 46099 | B47: 30 | C47: 0 | D47: =C47/B47 -> 0 | E47: =$D$150+3*SQRT($D$150*(1-$D$150)/B47) -> 0.036179323 | F47: =MAX(0,$D$150-3*SQRT($D$150*(1-$D$150)/B47)) -> 0 | G47: =IF(AND(D47<=E47,D47>=F47),"KONTROL İÇİNDE"," KONTROL DIŞINDA") -> KONTROL İÇİNDE
A48: 46101 | B48: 1 | C48: 0 | D48: =C48/B48 -> 0 | E48: =$D$150+3*SQRT($D$150*(1-$D$150)/B48) -> 0.18222558 | F48: =MAX(0,$D$150-3*SQRT($D$150*(1-$D$150)/B48)) -> 0 | G48: =IF(AND(D48<=E48,D48>=F48),"KONTROL İÇİNDE"," KONTROL DIŞINDA") -> KONTROL İÇİNDE
A49: 46105 | B49: 100 | C49: 0 | D49: =C49/B49 -> 0 | E49: =$D$150+3*SQRT($D$150*(1-$D$150)/B49) -> 0.021426117 | F49: =MAX(0,$D$150-3*SQRT($D$150*(1-$D$150)/B49)) -> 0 | G49: =IF(AND(D49<=E49,D49>=F49),"KONTROL İÇİNDE"," KONTROL DIŞINDA") -> KONTROL İÇİNDE
A50: 46106 | B50: 55 | C50: 0 | D50: =C50/B50 -> 0 | E50: =$D$150+3*SQRT($D$150*(1-$D$150)/B50) -> 0.027650838 | F50: =MAX(0,$D$150-3*SQRT($D$150*(1-$D$150)/B50)) -> 0 | G50: =IF(AND(D50<=E50,D50>=F50),"KONTROL İÇİNDE"," KONTROL DIŞINDA") -> KONTROL İÇİNDE
... A149: 46262 | B149: 57 | C149: 0 | D149: =C149/B149 -> 0 | E149: =$D$150+3*SQRT($D$150*(1-$D$150)/B149) -> 0.027224409 | F149: =MAX(0,$D$150-3*SQRT($D$150*(1-$D$150)/B149)) -> 0 | G149: =IF(AND(D149<=E149,D149>=F149),"KONTROL İÇİNDE"," KONTROL DIŞINDA") -> KONTROL İÇİNDE
B150: =SUM(B2:B149) -> 4495 | C150: =SUM(C2:C149) -> 16 | D150: =C150/B150 -> 0.0035595106

Sheet ADC Hatası
A1: KONTROL TARİHİ | B1: KONTROL EDİLEN ÜRÜN ADEDİ | C1: HATALI ÜRÜN ADEDİ | D1: p | E1: ucl | F1: lcl | G1: KONTROL
A2: 46029 | B2: 2 | C2: 0 | D2: =C2/B2 -> 0 | E2: =$D$148+3*SQRT($D$148*(1-$D$148)/B2) -> 0.12517726 | F2: =MAX(0,$D$148-3*SQRT($D$148*(1-$D$148)/B2)) -> 0 | G2: =IF(AND(D2<=E2,D2>=F2),"KONTROL İÇİNDE"," KONTROL DIŞINDA") -> KONTROL İÇİNDE
A3: 46030 | B3: 34 | C3: 0 | D3: =C3/B3 -> 0 | E3: =$D$148+3*SQRT($D$148*(1-$D$148)/B3) -> 0.032868105 | F3: =MAX(0,$D$148-3*SQRT($D$148*(1-$D$148)/B3)) -> 0 | G3: =IF(AND(D3<=E3,D3>=F3),"KONTROL İÇİNDE"," KONTROL DIŞINDA") -> KONTROL İÇİNDE
A4: 46031 | B4: 1 | C4: 0 | D4: =C4/B4 -> 0 | E4: =$D$148+3*SQRT($D$148*(1-$D$148)/B4) -> 0.17565581 | F4: =MAX(0,$D$148-3*SQRT($D$148*(1-$D$148)/B4)) -> 0 | G4: =IF(AND(D4<=E4,D4>=F4),"KONTROL İÇİNDE"," KONTROL DIŞINDA") -> KONTROL İÇİNDE
A5: 46035 | B5: 81 | C5: 0 | D5: =C5/B5 -> 0 | E5: =$D$148+3*SQRT($D$148*(1-$D$148)/B5) -> 0.022460653 | F5: =MAX(0,$D$148-3*SQRT($D$148*(1-$D$148)/B5)) -> 0 | G5: =IF(AND(D5<=E5,D5>=F5),"KONTROL İÇİNDE"," KONTROL DIŞINDA") -> KONTROL İÇİNDE
A6: 46037 | B6: 6 | C6: 0 | D6: =C6/B6 -> 0 | E6: =$D$148+3*SQRT($D$148*(1-$D$148)/B6) -> 0.073670627 | F6: =MAX(0,$D$148-3*SQRT($D$148*(1-$D$148)/B6)) -> 0 | G6: =IF(AND(D6<=E6,D6>=F6),"KONTROL İÇİNDE"," KONTROL DIŞINDA") -> KONTROL İÇİNDE
A7: 46038 | B7: 2 | C7: 0 | D7: =C7/B7 -> 0 | E7: =$D$148+3*SQRT($D$148*(1-$D$148)/B7) -> 0.12517726 | F7: =MAX(0,$D$148-3*SQRT($D$148*(1-$D$148)/B7)) -> 0 | G7: =IF(AND(D7<=E7,D7>=F7),"KONTROL İÇİNDE"," KONTROL DIŞINDA") -> KONTROL İÇİNDE
A8: 46041 | B8: 12 | C8: 0 | D8: =C8/B8 -> 0 | E8: =$D$148+3*SQRT($D$148*(1-$D$148)/B8) -> 0.053062845 | F8: =MAX(0,$D$148-3*SQRT($D$148*(1-$D$148)/B8)) -> 0 | G8: =IF(AND(D8<=E8,D8>=F8),"KONTROL İÇİNDE"," KONTROL DIŞINDA") -> KONTROL İÇİNDE
A9: 46043 | B9: 316 | C9: 0 | D9: =C9/B9 -> 0 | E9: =$D$148+3*SQRT($D$148*(1-$D$148)/B9) -> 0.013006397 | F9: =MAX(0,$D$148-3*SQRT($D$148*(1-$D$148)/B9)) -> 0 | G9: =IF(AND(D9<=E9,D9>=F9),"KONTROL İÇİNDE"," KONTROL DIŞINDA") -> KONTROL İÇİNDE
A10: 46045 | B10: 9 | C10: 1 | D10: =C10/B10 -> 0.11111111 | E10: =$D$148+3*SQRT($D$148*(1-$D$148)/B10) -> 0.060759442 | F10: =MAX(0,$D$148-3*SQRT($D$148*(1-$D$148)/B10)) -> 0 | G10: =IF(AND(D10<=E10,D10>=F10),"KONTROL İÇİNDE"," KONTROL DIŞINDA") -> KONTROL DIŞINDA
A11: 46048 | B11: 8 | C11: 1 | D11: =C11/B11 -> 0.125 | E11: =$D$148+3*SQRT($D$148*(1-$D$148)/B11) -> 0.064244259 | F11: =MAX(0,$D$148-3*SQRT($D$148*(1-$D$148)/B11)) -> 0 | G11: =IF(AND(D11<=E11,D11>=F11),"KONTROL İÇİNDE"," KONTROL DIŞINDA") -> KONTROL DIŞINDA | H11: ADC Girilmemiş
A12: 46050 | B12: 205 | C12: 0 | D12: =C12/B12 -> 0 | E12: =$D$148+3*SQRT($D$148*(1-$D$148)/B12) -> 0.015348324 | F12: =MAX(0,$D$148-3*SQRT($D$148*(1-$D$148)/B12)) -> 0 | G12: =IF(AND(D12<=E12,D12>=F12),"KONTROL İÇİNDE"," KONTROL DIŞINDA") -> KONTROL İÇİNDE
A13: 46052 | B13: 7 | C13: 1 | D13: =C13/B13 -> 0.14285714 | E13: =$D$148+3*SQRT($D$148*(1-$D$148)/B13) -> 0.068451376 | F13: =MAX(0,$D$148-3*SQRT($D$148*(1-$D$148)/B13)) -> 0 | G13: =IF(AND(D13<=E13,D13>=F13),"KONTROL İÇİNDE"," KONTROL DIŞINDA") -> KONTROL DIŞINDA | H13: ADC Değeri 12 Girilmiş Kapalı İken 7 Gösteriyor
A14: 46055 | B14: 2 | C14: 0 | D14: =C14/B14 -> 0 | E14: =$D$148+3*SQRT($D$148*(1-$D$148)/B14) -> 0.12517726 | F14: =MAX(0,$D$148-3*SQRT($D$148*(1-$D$148)/B14)) -> 0 | G14: =IF(AND(D14<=E14,D14>=F14),"KONTROL İÇİNDE"," KONTROL DIŞINDA") -> KONTROL İÇİNDE
A15: 46056 | B15: 1 | C15: 0 | D15: =C15/B15 -> 0 | E15: =$D$148+3*SQRT($D$148*(1-$D$148)/B15) -> 0.17565581 | F15: =MAX(0,$D$148-3*SQRT($D$148*(1-$D$148)/B15)) -> 0 | G15: =IF(AND(D15<=E15,D15>=F15),"KONTROL İÇİNDE"," KONTROL DIŞINDA") -> KONTROL İÇİNDE
A16: 46057 | B16: 7 | C16: 0 | D16: =C16/B16 -> 0 | E16: =$D$148+3*SQRT($D$148*(1-$D$148)/B16) -> 0.068451376 | F16: =MAX(0,$D$148-3*SQRT($D$148*(1-$D$148)/B16)) -> 0 | G16: =IF(AND(D16<=E16,D16>=F16),"KONTROL İÇİNDE"," KONTROL DIŞINDA") -> KONTROL İÇİNDE
A17: 46058 | B17: 6 | C17: 0 | D17: =C17/B17 -> 0 | E17: =$D$148+3*SQRT($D$148*(1-$D$148)/B17) -> 0.073670627 | F17: =MAX(0,$D$148-3*SQRT($D$148*(1-$D$148)/B17)) -> 0 | G17: =IF(AND(D17<=E17,D17>=F17),"KONTROL İÇİNDE"," KONTROL DIŞINDA") -> KONTROL İÇİNDE
A18: 46059 | B18: 25 | C18: 3 | D18: =C18/B18 -> 0.12 | E18: =$D$148+3*SQRT($D$148*(1-$D$148)/B18) -> 0.037780169 | F18: =MAX(0,$D$148-3*SQRT($D$148*(1-$D$148)/B18)) -> 0 | G18: =IF(AND(D18<=E18,D18>=F18),"KONTROL İÇİNDE"," KONTROL DIŞINDA") -> KONTROL DIŞINDA | H18: ADC Değerleri Yüksek Girilmiş
A19: 46062 | B19: 25 | C19: 0 | D19: =C19/B19 -> 0 | E19: =$D$148+3*SQRT($D$148*(1-$D$148)/B19) -> 0.037780169 | F19: =MAX(0,$D$148-3*SQRT($D$148*(1-$D$148)/B19)) -> 0 | G19: =IF(AND(D19<=E19,D19>=F19),"KONTROL İÇİNDE"," KONTROL DIŞINDA") -> KONTROL İÇİNDE
A20: 46063 | B20: 24 | C20: 3 | D20: =C20/B20 -> 0.125 | E20: =$D$148+3*SQRT($D$148*(1-$D$148)/B20) -> 0.038490943 | F20: =MAX(0,$D$148-3*SQRT($D$148*(1-$D$148)/B20)) -> 0 | G20: =IF(AND(D20<=E20,D20>=F20),"KONTROL İÇİNDE"," KONTROL DIŞINDA") -> KONTROL DIŞINDA | H20: ADC Değerleri Yüksek Girilmiş
A21: 46064 | B21: 2 | C21: 0 | D21: =C21/B21 -> 0 | E21: =$D$148+3*SQRT($D$148*(1-$D$148)/B21) -> 0.12517726 | F21: =MAX(0,$D$148-3*SQRT($D$148*(1-$D$148)/B21)) -> 0 | G21: =IF(AND(D21<=E21,D21>=F21),"KONTROL İÇİNDE"," KONTROL DIŞINDA") -> KONTROL İÇİNDE
A22: 46065 | B22: 86 | C22: 0 | D22: =C22/B22 -> 0 | E22: =$D$148+3*SQRT($D$148*(1-$D$148)/B22) -> 0.021895649 | F22: =MAX(0,$D$148-3*SQRT($D$148*(1-$D$148)/B22)) -> 0 | G22: =IF(AND(D22<=E22,D22>=F22),"KONTROL İÇİNDE"," KONTROL DIŞINDA") -> KONTROL İÇİNDE
A23: 46066 | B23: 16 | C23: 0 | D23: =C23/B23 -> 0 | E23: =$D$148+3*SQRT($D$148*(1-$D$148)/B23) -> 0.046397396 | F23: =MAX(0,$D$148-3*SQRT($D$148*(1-$D$148)/B23)) -> 0 | G23: =IF(AND(D23<=E23,D23>=F23),"KONTROL İÇİNDE"," KONTROL DIŞINDA") -> KONTROL İÇİNDE
A24: 46069 | B24: 7 | C24: 0 | D24: =C24/B24 -> 0 | E24: =$D$148+3*SQRT($D$148*(1-$D$148)/B24) -> 0.068451376 | F24: =MAX(0,$D$148-3*SQRT($D$148*(1-$D$148)/B24)) -> 0 | G24: =IF(AND(D24<=E24,D24>=F24),"KONTROL İÇİNDE"," KONTROL DIŞINDA") -> KONTROL İÇİNDE
A25: 46070 | B25: 11 | C25: 0 | D25: =C25/B25 -> 0 | E25: =$D$148+3*SQRT($D$148*(1-$D$148)/B25) -> 0.055275096 | F25: =MAX(0,$D$148-3*SQRT($D$148*(1-$D$148)/B25)) -> 0 | G25: =IF(AND(D25<=E25,D25>=F25),"KONTROL İÇİNDE"," KONTROL DIŞINDA") -> KONTROL İÇİNDE
A26: 46071 | B26: 6 | C26: 0 | D26: =C26/B26 -> 0 | E26: =$D$148+3*SQRT($D$148*(1-$D$148)/B26) -> 0.073670627 | F26: =MAX(0,$D$148-3*SQRT($D$148*(1-$D$148)/B26)) -> 0 | G26: =IF(AND(D26<=E26,D26>=F26),"KONTROL İÇİNDE"," KONTROL DIŞINDA") -> KONTROL İÇİNDE
A27: 46072 | B27: 8 | C27: 0 | D27: =C27/B27 -> 0 | E27: =$D$148+3*SQRT($D$148*(1-$D$148)/B27) -> 0.064244259 | F27: =MAX(0,$D$148-3*SQRT($D$148*(1-$D$148)/B27)) -> 0 | G27: =IF(AND(D27<=E27,D27>=F27),"KONTROL İÇİNDE"," KONTROL DIŞINDA") -> KONTROL İÇİNDE
A28: 46076 | B28: 12 | C28: 0 | D28: =C28/B28 -> 0 | E28: =$D$148+3*SQRT($D$148*(1-$D$148)/B28) -> 0.053062845 | F28: =MAX(0,$D$148-3*SQRT($D$148*(1-$D$148)/B28)) -> 0 | G28: =IF(AND(D28<=E28,D28>=F28),"KONTROL İÇİNDE"," KONTROL DIŞINDA") -> KONTROL İÇİNDE
A29: 46077 | B29: 5 | C29: 0 | D29: =C29/B29 -> 0 | E29: =$D$148+3*SQRT($D$148*(1-$D$148)/B29) -> 0.080386085 | F29: =MAX(0,$D$148-3*SQRT($D$148*(1-$D$148)/B29)) -> 0 | G29: =IF(AND(D29<=E29,D29>=F29),"KONTROL İÇİNDE"," KONTROL DIŞINDA") -> KONTROL İÇİNDE
A30: 46078 | B30: 3 | C30: 0 | D30: =C30/B30 -> 0 | E30: =$D$148+3*SQRT($D$148*(1-$D$148)/B30) -> 0.10281443 | F30: =MAX(0,$D$148-3*SQRT($D$148*(1-$D$148)/B30)) -> 0 | G30: =IF(AND(D30<=E30,D30>=F30),"KONTROL İÇİNDE"," KONTROL DIŞINDA") -> KONTROL İÇİNDE
A31: 46079 | B31: 2 | C31: 0 | D31: =C31/B31 -> 0 | E31: =$D$148+3*SQRT($D$148*(1-$D$148)/B31) -> 0.12517726 | F31: =MAX(0,$D$148-3*SQRT($D$148*(1-$D$148)/B31)) -> 0 | G31: =IF(AND(D31<=E31,D31>=F31),"KONTROL İÇİNDE"," KONTROL DIŞINDA") -> KONTROL İÇİNDE
A32: 46081 | B32: 28 | C32: 0 | D32: =C32/B32 -> 0 | E32: =$D$148+3*SQRT($D$148*(1-$D$148)/B32) -> 0.035881317 | F32: =MAX(0,$D$148-3*SQRT($D$148*(1-$D$148)/B32)) -> 0 | G32: =IF(AND(D32<=E32,D32>=F32),"KONTROL İÇİNDE"," KONTROL DIŞINDA") -> KONTROL İÇİNDE
... A34: 46084 | B34: 133 | C34: 0 | D34: =C34/B34 -> 0 | E34: =$D$148+3*SQRT($D$148*(1-$D$148)/B34) -> 0.018255426 | F34: =MAX(0,$D$148-3*SQRT($D$148*(1-$D$148)/B34)) -> 0 | G34: =IF(AND(D34<=E34,D34>=F34),"KONTROL İÇİNDE"," KONTROL DIŞINDA") -> KONTROL İÇİNDE
A35: 46086 | B35: 25 | C35: 1 | D35: =C35/B35 -> 0.04 | E35: =$D$148+3*SQRT($D$148*(1-$D$148)/B35) -> 0.037780169 | F35: =MAX(0,$D$148-3*SQRT($D$148*(1-$D$148)/B35)) -> 0 | G35: =IF(AND(D35<=E35,D35>=F35),"KONTROL İÇİNDE"," KONTROL DIŞINDA") -> KONTROL DIŞINDA | H35: ADC Çok Dalgalı
A36: 46087 | B36: 2 | C36: 0 | D36: =C36/B36 -> 0 | E36: =$D$148+3*SQRT($D$148*(1-$D$148)/B36) -> 0.12517726 | F36: =MAX(0,$D$148-3*SQRT($D$148*(1-$D$148)/B36)) -> 0 | G36: =IF(AND(D36<=E36,D36>=F36),"KONTROL İÇİNDE"," KONTROL DIŞINDA") -> KONTROL İÇİNDE
A37: 46090 | B37: 2 | C37: 0 | D37: =C37/B37 -> 0 | E37: =$D$148+3*SQRT($D$148*(1-$D$148)/B37) -> 0.12517726 | F37: =MAX(0,$D$148-3*SQRT($D$148*(1-$D$148)/B37)) -> 0 | G37: =IF(AND(D37<=E37,D37>=F37),"KONTROL İÇİNDE"," KONTROL DIŞINDA") -> KONTROL İÇİNDE
A38: 46091 | B38: 2 | C38: 0 | D38: =C38/B38 -> 0 | E38: =$D$148+3*SQRT($D$148*(1-$D$148)/B38) -> 0.12517726 | F38: =MAX(0,$D$148-3*SQRT($D$148*(1-$D$148)/B38)) -> 0 | G38: =IF(AND(D38<=E38,D38>=F38),"KONTROL İÇİNDE"," KONTROL DIŞINDA") -> KONTROL İÇİNDE
A39: 46092 | B39: 9 | C39: 0 | D39: =C39/B39 -> 0 | E39: =$D$148+3*SQRT($D$148*(1-$D$148)/B39) -> 0.060759442 | F39: =MAX(0,$D$148-3*SQRT($D$148*(1-$D$148)/B39)) -> 0 | G39: =IF(AND(D39<=E39,D39>=F39),"KONTROL İÇİNDE"," KONTROL DIŞINDA") -> KONTROL İÇİNDE
A40: 46093 | B40: 23 | C40: 0 | D40: =C40/B40 -> 0 | E40: =$D$148+3*SQRT($D$148*(1-$D$148)/B40) -> 0.039247582 | F40: =MAX(0,$D$148-3*SQRT($D$148*(1-$D$148)/B40)) -> 0 | G40: =IF(AND(D40<=E40,D40>=F40),"KONTROL İÇİNDE"," KONTROL DIŞINDA") -> KONTROL İÇİNDE
A41: 46094 | B41: 1 | C41: 0 | D41: =C41/B41 -> 0 | E41: =$D$148+3*SQRT($D$148*(1-$D$148)/B41) -> 0.17565581 | F41: =MAX(0,$D$148-3*SQRT($D$148*(1-$D$148)/B41)) -> 0 | G41: =IF(AND(D41<=E41,D41>=F41),"KONTROL İÇİNDE"," KONTROL DIŞINDA") -> KONTROL İÇİNDE
A42: 46096 | B42: 1 | C42: 0 | D42: =C42/B42 -> 0 | E42: =$D$148+3*SQRT($D$148*(1-$D$148)/B42) -> 0.17565581 | F42: =MAX(0,$D$148-3*SQRT($D$148*(1-$D$148)/B42)) -> 0 | G42: =IF(AND(D42<=E42,D42>=F42),"KONTROL İÇİNDE"," KONTROL DIŞINDA") -> KONTROL İÇİNDE
A43: 46097 | B43: 33 | C43: 0 | D43: =C43/B43 -> 0 | E43: =$D$148+3*SQRT($D$148*(1-$D$148)/B43) -> 0.033312594 | F43: =MAX(0,$D$148-3*SQRT($D$148*(1-$D$148)/B43)) -> 0 | G43: =IF(AND(D43<=E43,D43>=F43),"KONTROL İÇİNDE"," KONTROL DIŞINDA") -> KONTROL İÇİNDE
A44: 46098 | B44: 17 | C44: 0 | D44: =C44/B44 -> 0 | E44: =$D$148+3*SQRT($D$148*(1-$D$148)/B44) -> 0.045110952 | F44: =MAX(0,$D$148-3*SQRT($D$148*(1-$D$148)/B44)) -> 0 | G44: =IF(AND(D44<=E44,D44>=F44),"KONTROL İÇİNDE"," KONTROL DIŞINDA") -> KONTROL İÇİNDE
A45: 46099 | B45: 30 | C45: 0 | D45: =C45/B45 -> 0 | E45: =$D$148+3*SQRT($D$148*(1-$D$148)/B45) -> 0.034776925 | F45: =MAX(0,$D$148-3*SQRT($D$148*(1-$D$148)/B45)) -> 0 | G45: =IF(AND(D45<=E45,D45>=F45),"KONTROL İÇİNDE"," KONTROL DIŞINDA") -> KONTROL İÇİNDE
A46: 46101 | B46: 1 | C46: 0 | D46: =C46/B46 -> 0 | E46: =$D$148+3*SQRT($D$148*(1-$D$148)/B46) -> 0.17565581 | F46: =MAX(0,$D$148-3*SQRT($D$148*(1-$D$148)/B46)) -> 0 | G46: =IF(AND(D46<=E46,D46>=F46),"KONTROL İÇİNDE"," KONTROL DIŞINDA") -> KONTROL İÇİNDE
A47: 46105 | B47: 100 | C47: 0 | D47: =C47/B47 -> 0 | E47: =$D$148+3*SQRT($D$148*(1-$D$148)/B47) -> 0.020545713 | F47: =MAX(0,$D$148-3*SQRT($D$148*(1-$D$148)/B47)) -> 0 | G47: =IF(AND(D47<=E47,D47>=F47),"KONTROL İÇİNDE"," KONTROL DIŞINDA") -> KONTROL İÇİNDE
... A147: 46262 | B147: 57 | C147: 0 | D147: =C147/B147 -> 0 | E147: =$D$148+3*SQRT($D$148*(1-$D$148)/B147) -> 0.026138852 | F147: =MAX(0,$D$148-3*SQRT($D$148*(1-$D$148)/B147)) -> 0 | G147: =IF(AND(D147<=E147,D147>=F147),"KONTROL İÇİNDE"," KONTROL DIŞINDA") -> KONTROL İÇİNDE
B148: =SUM(B2:B147) -> 4530 | C148: =SUM(C2:C147) -> 15 | D148: =C148/B148 -> 0.0033112583

Sheet Kalıp Baskı
A1: KONTROL TARİH | B1: KONTROL EDİLEN ÜRÜN ADEDİ | C1: HATALI ÜRÜN ADEDİ | D1: p | E1: UCL | F1: LCL | G1: KONTROL
A2: 46029 | B2: 500 | C2: 5 | D2: =C2/B2 -> 0.01 | E2: =$D$31+3*SQRT($D$31*(1-$D$31)/B2) -> 0.042929052 | F2: =MAX(0,$D$31-3*SQRT($D$31*(1-$D$31)/B2)) -> 0.002815145 | G2: =IF(AND(D2<=E2,D2>=F2),"KONTROL İÇİNDE"," KONTROL DIŞINDA") -> KONTROL İÇİNDE
A3: 46030 | B3: 500 | C3: 2 | D3: =C3/B3 -> 0.004 | E3: =$D$31+3*SQRT($D$31*(1-$D$31)/B3) -> 0.042929052 | F3: =MAX(0,$D$31-3*SQRT($D$31*(1-$D$31)/B3)) -> 0.002815145 | G3: =IF(AND(D3<=E3,D3>=F3),"KONTROL İÇİNDE"," KONTROL DIŞINDA") -> KONTROL İÇİNDE
A4: 46031 | B4: 500 | C4: 3 | D4: =C4/B4 -> 0.006 | E4: =$D$31+3*SQRT($D$31*(1-$D$31)/B4) -> 0.042929052 | F4: =MAX(0,$D$31-3*SQRT($D$31*(1-$D$31)/B4)) -> 0.002815145 | G4: =IF(AND(D4<=E4,D4>=F4),"KONTROL İÇİNDE"," KONTROL DIŞINDA") -> KONTROL İÇİNDE
A5: 46035 | B5: 300 | C5: 3 | D5: =C5/B5 -> 0.01 | E5: =$D$31+3*SQRT($D$31*(1-$D$31)/B5) -> 0.048765514 | F5: =MAX(0,$D$31-3*SQRT($D$31*(1-$D$31)/B5)) -> 0 | G5: =IF(AND(D5<=E5,D5>=F5),"KONTROL İÇİNDE"," KONTROL DIŞINDA") -> KONTROL İÇİNDE
A6: 46037 | B6: 500 | C6: 3 | D6: =C6/B6 -> 0.006 | E6: =$D$31+3*SQRT($D$31*(1-$D$31)/B6) -> 0.042929052 | F6: =MAX(0,$D$31-3*SQRT($D$31*(1-$D$31)/B6)) -> 0.002815145 | G6: =IF(AND(D6<=E6,D6>=F6),"KONTROL İÇİNDE"," KONTROL DIŞINDA") -> KONTROL İÇİNDE
A7: 46038 | B7: 400 | C7: 3 | D7: =C7/B7 -> 0.0075 | E7: =$D$31+3*SQRT($D$31*(1-$D$31)/B7) -> 0.045296454 | F7: =MAX(0,$D$31-3*SQRT($D$31*(1-$D$31)/B7)) -> 0.00044774276 | G7: =IF(AND(D7<=E7,D7>=F7),"KONTROL İÇİNDE"," KONTROL DIŞINDA") -> KONTROL İÇİNDE
A8: 46041 | B8: 199 | C8: 3 | D8: =C8/B8 -> 0.015075377 | E8: =$D$31+3*SQRT($D$31*(1-$D$31)/B8) -> 0.054664507 | F8: =MAX(0,$D$31-3*SQRT($D$31*(1-$D$31)/B8)) -> 0 | G8: =IF(AND(D8<=E8,D8>=F8),"KONTROL İÇİNDE"," KONTROL DIŞINDA") -> KONTROL İÇİNDE
A9: 46043 | B9: 300 | C9: 2 | D9: =C9/B9 -> 0.0066666667 | E9: =$D$31+3*SQRT($D$31*(1-$D$31)/B9) -> 0.048765514 | F9: =MAX(0,$D$31-3*SQRT($D$31*(1-$D$31)/B9)) -> 0 | G9: =IF(AND(D9<=E9,D9>=F9),"KONTROL İÇİNDE"," KONTROL DIŞINDA") -> KONTROL İÇİNDE
A10: 46045 | B10: 300 | C10: 2 | D10: =C10/B10 -> 0.0066666667 | E10: =$D$31+3*SQRT($D$31*(1-$D$31)/B10) -> 0.048765514 | F10: =MAX(0,$D$31-3*SQRT($D$31*(1-$D$31)/B10)) -> 0 | G10: =IF(AND(D10<=E10,D10>=F10),"KONTROL İÇİNDE"," KONTROL DIŞINDA") -> KONTROL İÇİNDE | H10: assignable cause
A11: 46048 | B11: 200 | C11: 2 | D11: =C11/B11 -> 0.01 | E11: =$D$31+3*SQRT($D$31*(1-$D$31)/B11) -> 0.054584926 | F11: =MAX(0,$D$31-3*SQRT($D$31*(1-$D$31)/B11)) -> 0 | G11: =IF(AND(D11<=E11,D11>=F11),"KONTROL İÇİNDE"," KONTROL DIŞINDA") -> KONTROL İÇİNDE
A12: 46050 | B12: 300 | C12: 6 | D12: =C12/B12 -> 0.02 | E12: =$D$31+3*SQRT($D$31*(1-$D$31)/B12) -> 0.048765514 | F12: =MAX(0,$D$31-3*SQRT($D$31*(1-$D$31)/B12)) -> 0 | G12: =IF(AND(D12<=E12,D12>=F12),"KONTROL İÇİNDE"," KONTROL DIŞINDA") -> KONTROL İÇİNDE
A13: 46052 | B13: 399 | C13: 7 | D13: =C13/B13 -> 0.01754386 | E13: =$D$31+3*SQRT($D$31*(1-$D$31)/B13) -> 0.045324537 | F13: =MAX(0,$D$31-3*SQRT($D$31*(1-$D$31)/B13)) -> 0.00041965964 | G13: =IF(AND(D13<=E13,D13>=F13),"KONTROL İÇİNDE"," KONTROL DIŞINDA") -> KONTROL İÇİNDE
A14: 46055 | B14: 399 | C14: 8 | D14: =C14/B14 -> 0.020050125 | E14: =$D$31+3*SQRT($D$31*(1-$D$31)/B14) -> 0.045324537 | F14: =MAX(0,$D$31-3*SQRT($D$31*(1-$D$31)/B14)) -> 0.00041965964 | G14: =IF(AND(D14<=E14,D14>=F14),"KONTROL İÇİNDE"," KONTROL DIŞINDA") -> KONTROL İÇİNDE
A15: 46056 | B15: 499 | C15: 4 | D15: =C15/B15 -> 0.0080160321 | E15: =$D$31+3*SQRT($D$31*(1-$D$31)/B15) -> 0.042949139 | F15: =MAX(0,$D$31-3*SQRT($D$31*(1-$D$31)/B15)) -> 0.0027950579 | G15: =IF(AND(D15<=E15,D15>=F15),"KONTROL İÇİNDE"," KONTROL DIŞINDA") -> KONTROL İÇİNDE
A16: 46057 | B16: 499 | C16: 4 | D16: =C16/B16 -> 0.0080160321 | E16: =$D$31+3*SQRT($D$31*(1-$D$31)/B16) -> 0.042949139 | F16: =MAX(0,$D$31-3*SQRT($D$31*(1-$D$31)/B16)) -> 0.0027950579 | G16: =IF(AND(D16<=E16,D16>=F16),"KONTROL İÇİNDE"," KONTROL DIŞINDA") -> KONTROL İÇİNDE
A17: 46058 | B17: 900 | C17: 30 | D17: =C17/B17 -> 0.033333333 | E17: =$D$31+3*SQRT($D$31*(1-$D$31)/B17) -> 0.037821669 | F17: =MAX(0,$D$31-3*SQRT($D$31*(1-$D$31)/B17)) -> 0.0079225279 | G17: =IF(AND(D17<=E17,D17>=F17),"KONTROL İÇİNDE"," KONTROL DIŞINDA") -> KONTROL İÇİNDE
A18: 46059 | B18: 7 | C18: 1 | D18: =C18/B18 -> 0.14285714 | E18: =$D$31+3*SQRT($D$31*(1-$D$31)/B18) -> 0.19238429 | F18: =MAX(0,$D$31-3*SQRT($D$31*(1-$D$31)/B18)) -> 0 | G18: =IF(AND(D18<=E18,D18>=F18),"KONTROL İÇİNDE"," KONTROL DIŞINDA") -> KONTROL İÇİNDE
A19: 46062 | B19: 25 | C19: 2 | D19: =C19/B19 -> 0.08 | E19: =$D$31+3*SQRT($D$31*(1-$D$31)/B19) -> 0.11256952 | F19: =MAX(0,$D$31-3*SQRT($D$31*(1-$D$31)/B19)) -> 0 | G19: =IF(AND(D19<=E19,D19>=F19),"KONTROL İÇİNDE"," KONTROL DIŞINDA") -> KONTROL İÇİNDE
A20: 46063 | B20: 4 | C20: 1 | D20: =C20/B20 -> 0.25 | E20: =$D$31+3*SQRT($D$31*(1-$D$31)/B20) -> 0.24711565 | F20: =MAX(0,$D$31-3*SQRT($D$31*(1-$D$31)/B20)) -> 0 | G20: =IF(AND(D20<=E20,D20>=F20),"KONTROL İÇİNDE"," KONTROL DIŞINDA") -> KONTROL DIŞINDA
A21: 46064 | B21: 2 | C21: 0 | D21: =C21/B21 -> 0 | E21: =$D$31+3*SQRT($D$31*(1-$D$31)/B21) -> 0.34000038 | F21: =MAX(0,$D$31-3*SQRT($D$31*(1-$D$31)/B21)) -> 0 | G21: =IF(AND(D21<=E21,D21>=F21),"KONTROL İÇİNDE"," KONTROL DIŞINDA") -> KONTROL İÇİNDE
A22: 46065 | B22: 86 | C22: 4 | D22: =C22/B22 -> 0.046511628 | E22: =$D$31+3*SQRT($D$31*(1-$D$31)/B22) -> 0.071233707 | F22: =MAX(0,$D$31-3*SQRT($D$31*(1-$D$31)/B22)) -> 0 | G22: =IF(AND(D22<=E22,D22>=F22),"KONTROL İÇİNDE"," KONTROL DIŞINDA") -> KONTROL İÇİNDE
... A30: 46078 | B30: 677 | C30: 20 | D30: =C30/B30 -> 0.029542097 | E30: =$D$31+3*SQRT($D$31*(1-$D$31)/B30) -> 0.040108858 | F30: =MAX(0,$D$31-3*SQRT($D$31*(1-$D$31)/B30)) -> 0.0056353384 | G30: =IF(AND(D30<=E30,D30>=F30),"KONTROL İÇİNDE"," KONTROL DIŞINDA") -> KONTROL İÇİNDE
B31: =SUM(B2:B30) -> 8788 | C31: =SUM(C2:C30) -> 201 | D31: =C31/B31 -> 0.022872098

Sheet Sayfa1
A1: KONTROL TARİH | B1: KONTROL EDİLEN ÜRÜN ADEDİ | C1: HATALI ÜRÜN ADEDİ | D1: p | E1: UCL | F1: LCL | G1: KONTROL | H1: ANALİZ NOTU | I1: GRAFİK DAHİL
A2: 46029 | B2: 500 | C2: 5 | D2: =C2/B2 -> 0.01 | E2: =$D$32+3*SQRT($D$32*(1-$D$32)/B2) -> 0.027982656 | F2: =MAX(0,$D$32-3*SQRT($D$32*(1-$D$32)/B2)) -> 0 | G2: =IF(AND(D2<=E2,D2>=F2),"KONTROL İÇİNDE"," KONTROL DIŞINDA") -> KONTROL İÇİNDE | I2: Evet
A3: 46030 | B3: 500 | C3: 2 | D3: =C3/B3 -> 0.004 | E3: =$D$32+3*SQRT($D$32*(1-$D$32)/B3) -> 0.027982656 | F3: =MAX(0,$D$32-3*SQRT($D$32*(1-$D$32)/B3)) -> 0 | G3: =IF(AND(D3<=E3,D3>=F3),"KONTROL İÇİNDE"," KONTROL DIŞINDA") -> KONTROL İÇİNDE | I3: Evet
A4: 46031 | B4: 500 | C4: 3 | D4: =C4/B4 -> 0.006 | E4: =$D$32+3*SQRT($D$32*(1-$D$32)/B4) -> 0.027982656 | F4: =MAX(0,$D$32-3*SQRT($D$32*(1-$D$32)/B4)) -> 0 | G4: =IF(AND(D4<=E4,D4>=F4),"KONTROL İÇİNDE"," KONTROL DIŞINDA") -> KONTROL İÇİNDE | I4: Evet
A5: 46035 | B5: 300 | C5: 3 | D5: =C5/B5 -> 0.01 | E5: =$D$32+3*SQRT($D$32*(1-$D$32)/B5) -> 0.032382098 | F5: =MAX(0,$D$32-3*SQRT($D$32*(1-$D$32)/B5)) -> 0 | G5: =IF(AND(D5<=E5,D5>=F5),"KONTROL İÇİNDE"," KONTROL DIŞINDA") -> KONTROL İÇİNDE | I5: Evet
A6: 46037 | B6: 500 | C6: 3 | D6: =C6/B6 -> 0.006 | E6: =$D$32+3*SQRT($D$32*(1-$D$32)/B6) -> 0.027982656 | F6: =MAX(0,$D$32-3*SQRT($D$32*(1-$D$32)/B6)) -> 0 | G6: =IF(AND(D6<=E6,D6>=F6),"KONTROL İÇİNDE"," KONTROL DIŞINDA") -> KONTROL İÇİNDE | I6: Evet
A7: 46038 | B7: 400 | C7: 3 | D7: =C7/B7 -> 0.0075 | E7: =$D$32+3*SQRT($D$32*(1-$D$32)/B7) -> 0.02976717 | F7: =MAX(0,$D$32-3*SQRT($D$32*(1-$D$32)/B7)) -> 0 | G7: =IF(AND(D7<=E7,D7>=F7),"KONTROL İÇİNDE"," KONTROL DIŞINDA") -> KONTROL İÇİNDE | I7: Evet
A8: 46041 | B8: 199 | C8: 3 | D8: =C8/B8 -> 0.015075377 | E8: =$D$32+3*SQRT($D$32*(1-$D$32)/B8) -> 0.036828675 | F8: =MAX(0,$D$32-3*SQRT($D$32*(1-$D$32)/B8)) -> 0 | G8: =IF(AND(D8<=E8,D8>=F8),"KONTROL İÇİNDE"," KONTROL DIŞINDA") -> KONTROL İÇİNDE | I8: Evet
A9: 46043 | B9: 300 | C9: 2 | D9: =C9/B9 -> 0.0066666667 | E9: =$D$32+3*SQRT($D$32*(1-$D$32)/B9) -> 0.032382098 | F9: =MAX(0,$D$32-3*SQRT($D$32*(1-$D$32)/B9)) -> 0 | G9: =IF(AND(D9<=E9,D9>=F9),"KONTROL İÇİNDE"," KONTROL DIŞINDA") -> KONTROL İÇİNDE | I9: Evet
A10: 46045 | B10: 300 | C10: 2 | D10: =C10/B10 -> 0.0066666667 | E10: =$D$32+3*SQRT($D$32*(1-$D$32)/B10) -> 0.032382098 | F10: =MAX(0,$D$32-3*SQRT($D$32*(1-$D$32)/B10)) -> 0 | G10: =IF(AND(D10<=E10,D10>=F10),"KONTROL İÇİNDE"," KONTROL DIŞINDA") -> KONTROL İÇİNDE | I10: Evet
A11: 46048 | B11: 200 | C11: 2 | D11: =C11/B11 -> 0.01 | E11: =$D$32+3*SQRT($D$32*(1-$D$32)/B11) -> 0.036768688 | F11: =MAX(0,$D$32-3*SQRT($D$32*(1-$D$32)/B11)) -> 0 | G11: =IF(AND(D11<=E11,D11>=F11),"KONTROL İÇİNDE"," KONTROL DIŞINDA") -> KONTROL İÇİNDE | I11: Evet
A12: 46050 | B12: 300 | C12: 6 | D12: =C12/B12 -> 0.02 | E12: =$D$32+3*SQRT($D$32*(1-$D$32)/B12) -> 0.032382098 | F12: =MAX(0,$D$32-3*SQRT($D$32*(1-$D$32)/B12)) -> 0 | G12: =IF(AND(D12<=E12,D12>=F12),"KONTROL İÇİNDE"," KONTROL DIŞINDA") -> KONTROL İÇİNDE | I12: Evet
A13: 46052 | B13: 399 | C13: 7 | D13: =C13/B13 -> 0.01754386 | E13: =$D$32+3*SQRT($D$32*(1-$D$32)/B13) -> 0.029788338 | F13: =MAX(0,$D$32-3*SQRT($D$32*(1-$D$32)/B13)) -> 0 | G13: =IF(AND(D13<=E13,D13>=F13),"KONTROL İÇİNDE"," KONTROL DIŞINDA") -> KONTROL İÇİNDE | I13: Evet
... A16: 46057 | B16: 499 | C16: 4 | D16: =C16/B16 -> 0.0080160321 | E16: =$D$32+3*SQRT($D$32*(1-$D$32)/B16) -> 0.027997797 | F16: =MAX(0,$D$32-3*SQRT($D$32*(1-$D$32)/B16)) -> 0 | G16: =IF(AND(D16<=E16,D16>=F16),"KONTROL İÇİNDE"," KONTROL DIŞINDA") -> KONTROL İÇİNDE | I16: Evet
A17: 46058 | B17: 900 | C17: 30 | D17: =C17/B17 -> 0.033333333 | E17: =$D$32+3*SQRT($D$32*(1-$D$32)/B17) -> 0.024132783 | F17: =MAX(0,$D$32-3*SQRT($D$32*(1-$D$32)/B17)) -> 0.0015952352 | G17: =IF(AND(D17<=E17,D17>=F17),"KONTROL İÇİNDE"," KONTROL DIŞINDA") -> KONTROL DIŞINDA | H17: İstatistiksel Revizyon (1. Tur) | I17: Hayır
A18: 46059 | B18: 7 | C18: 1 | D18: =C18/B18 -> 0.14285714 | E18: =$D$32+3*SQRT($D$32*(1-$D$32)/B18) -> 0.14063989 | F18: =MAX(0,$D$32-3*SQRT($D$32*(1-$D$32)/B18)) -> 0 | G18: =IF(AND(D18<=E18,D18>=F18),"KONTROL İÇİNDE"," KONTROL DIŞINDA") -> KONTROL DIŞINDA | H18: İstatistiksel Revizyon (3. Tur) | I18: Hayır
A19: 46062 | B19: 25 | C19: 2 | D19: =C19/B19 -> 0.08 | E19: =$D$32+3*SQRT($D$32*(1-$D$32)/B19) -> 0.080476652 | F19: =MAX(0,$D$32-3*SQRT($D$32*(1-$D$32)/B19)) -> 0 | G19: =IF(AND(D19<=E19,D19>=F19),"KONTROL İÇİNDE"," KONTROL DIŞINDA") -> KONTROL İÇİNDE | I19: Evet
A20: 46063 | B20: 4 | C20: 1 | D20: =C20/B20 -> 0.25 | E20: =$D$32+3*SQRT($D$32*(1-$D$32)/B20) -> 0.18189562 | F20: =MAX(0,$D$32-3*SQRT($D$32*(1-$D$32)/B20)) -> 0 | G20: =IF(AND(D20<=E20,D20>=F20),"KONTROL İÇİNDE"," KONTROL DIŞINDA") -> KONTROL DIŞINDA | H20: Atanabilir Sebep (İlk Analiz) | I20: Hayır
A21: 46064 | B21: 2 | C21: 0 | D21: =C21/B21 -> 0 | E21: =$D$32+3*SQRT($D$32*(1-$D$32)/B21) -> 0.2519108 | F21: =MAX(0,$D$32-3*SQRT($D$32*(1-$D$32)/B21)) -> 0 | G21: =IF(AND(D21<=E21,D21>=F21),"KONTROL İÇİNDE"," KONTROL DIŞINDA") -> KONTROL İÇİNDE | I21: Evet
A22: 46065 | B22: 86 | C22: 4 | D22: =C22/B22 -> 0.046511628 | E22: =$D$32+3*SQRT($D$32*(1-$D$32)/B22) -> 0.049318303 | F22: =MAX(0,$D$32-3*SQRT($D$32*(1-$D$32)/B22)) -> 0 | G22: =IF(AND(D22<=E22,D22>=F22),"KONTROL İÇİNDE"," KONTROL DIŞINDA") -> KONTROL İÇİNDE | I22: Evet
A23: 46066 | B23: 16 | C23: 2 | D23: =C23/B23 -> 0.125 | E23: =$D$32+3*SQRT($D$32*(1-$D$32)/B23) -> 0.097379813 | F23: =MAX(0,$D$32-3*SQRT($D$32*(1-$D$32)/B23)) -> 0 | G23: =IF(AND(D23<=E23,D23>=F23),"KONTROL İÇİNDE"," KONTROL DIŞINDA") -> KONTROL DIŞINDA | H23: İstatistiksel Revizyon (1. Tur) | I23: Hayır
A24: 46069 | B24: 7 | C24: 1 | D24: =C24/B24 -> 0.14285714 | E24: =$D$32+3*SQRT($D$32*(1-$D$32)/B24) -> 0.14063989 | F24: =MAX(0,$D$32-3*SQRT($D$32*(1-$D$32)/B24)) -> 0 | G24: =IF(AND(D24<=E24,D24>=F24),"KONTROL İÇİNDE"," KONTROL DIŞINDA") -> KONTROL DIŞINDA | H24: İstatistiksel Revizyon (3. Tur) | I24: Hayır
A25: 46070 | B25: 889 | C25: 20 | D25: =C25/B25 -> 0.022497188 | E25: =$D$32+3*SQRT($D$32*(1-$D$32)/B25) -> 0.024202285 | F25: =MAX(0,$D$32-3*SQRT($D$32*(1-$D$32)/B25)) -> 0.0015257327 | G25: =IF(AND(D25<=E25,D25>=F25),"KONTROL İÇİNDE"," KONTROL DIŞINDA") -> KONTROL İÇİNDE | I25: Evet
A26: 46071 | B26: 90 | C26: 45 | D26: =C26/B26 -> 0.5 | E26: =$D$32+3*SQRT($D$32*(1-$D$32)/B26) -> 0.048499001 | F26: =MAX(0,$D$32-3*SQRT($D$32*(1-$D$32)/B26)) -> 0 | G26: =IF(AND(D26<=E26,D26>=F26),"KONTROL İÇİNDE"," KONTROL DIŞINDA") -> KONTROL DIŞINDA | H26: Atanabilir Sebep (İlk Analiz) | I26: Hayır
A27: 46072 | B27: 8 | C27: 7 | D27: =C27/B27 -> 0.875 | E27: =$D$32+3*SQRT($D$32*(1-$D$32)/B27) -> 0.1323874 | F27: =MAX(0,$D$32-3*SQRT($D$32*(1-$D$32)/B27)) -> 0 | G27: =IF(AND(D27<=E27,D27>=F27),"KONTROL İÇİNDE"," KONTROL DIŞINDA") -> KONTROL DIŞINDA | H27: Atanabilir Sebep (İlk Analiz) | I27: Hayır
A28: 46076 | B28: 277 | C28: 8 | D28: =C28/B28 -> 0.028880866 | E28: =$D$32+3*SQRT($D$32*(1-$D$32)/B28) -> 0.033176259 | F28: =MAX(0,$D$32-3*SQRT($D$32*(1-$D$32)/B28)) -> 0 | G28: =IF(AND(D28<=E28,D28>=F28),"KONTROL İÇİNDE"," KONTROL DIŞINDA") -> KONTROL İÇİNDE | I28: Evet
A29: 46077 | B29: 5 | C29: 3 | D29: =C29/B29 -> 0.6 | E29: =$D$32+3*SQRT($D$32*(1-$D$32)/B29) -> 0.16405047 | F29: =MAX(0,$D$32-3*SQRT($D$32*(1-$D$32)/B29)) -> 0 | G29: =IF(AND(D29<=E29,D29>=F29),"KONTROL İÇİNDE"," KONTROL DIŞINDA") -> KONTROL DIŞINDA | H29: Atanabilir Sebep (İlk Analiz) | I29: Hayır
A30: 46078 | B30: 677 | C30: 20 | D30: =C30/B30 -> 0.029542097 | E30: =$D$32+3*SQRT($D$32*(1-$D$32)/B30) -> 0.025856834 | F30: =MAX(0,$D$32-3*SQRT($D$32*(1-$D$32)/B30)) -> 0 | G30: =IF(AND(D30<=E30,D30>=F30),"KONTROL İÇİNDE"," KONTROL DIŞINDA") -> KONTROL DIŞINDA | H30: İstatistiksel Revizyon (2. Tur) | I30: Hayır
B31: =SUM(B2:B30) -> 8788 | C31: =SUM(C2:C30) -> 201 | D31: =C31/B31 -> 0.022872098
A32: REVİZE P BAR (sadece "Evet" olan noktalar) | D32: =SUMPRODUCT(($I$2:$I$30="Evet")*$C$2:$C$30)/SUMPRODUCT(($I$2:$I$30="Evet")*$B$2:$B$30) -> 0.012864009
A33: Not: Atanabilir sebebi belirlenen ve istatistiksel olarak kontrol dışı çıkan noktalar p̄ hesaplamasından çıkarılmıştır. "GRAFİK DAHİL" sütununu Evet/Hayır olarak değiştirirseniz tüm hesaplamalar otomatik güncellenir.
A36: REVİZE P-CHART VERİSİ (Sadece Kontrol İçindeki 20 Nokta)
A37: KONTROL TARİHİ | B37: KONTROL EDİLEN ÜRÜN ADEDİ | C37: HATALI ÜRÜN ADEDİ | D37: p | E37: UCL | F37: MERKEZ (p̄) | G37: LCL
A38: =A2 -> 46029 | B38: =B2 -> 500 | C38: =C2 -> 5 | D38: =C38/B38 -> 0.01 | E38: =$D$32+3*SQRT($D$32*(1-$D$32)/B38) -> 0.027982656 | F38: =$D$32 -> 0.012864009 | G38: =MAX(0,$D$32-3*SQRT($D$32*(1-$D$32)/B38)) -> 0
A39: =A3 -> 46030 | B39: =B3 -> 500 | C39: =C3 -> 2 | D39: =C39/B39 -> 0.004 | E39: =$D$32+3*SQRT($D$32*(1-$D$32)/B39) -> 0.027982656 | F39: =$D$32 -> 0.012864009 | G39: =MAX(0,$D$32-3*SQRT($D$32*(1-$D$32)/B39)) -> 0
A40: =A4 -> 46031 | B40: =B4 -> 500 | C40: =C4 -> 3 | D40: =C40/B40 -> 0.006 | E40: =$D$32+3*SQRT($D$32*(1-$D$32)/B40) -> 0.027982656 | F40: =$D$32 -> 0.012864009 | G40: =MAX(0,$D$32-3*SQRT($D$32*(1-$D$32)/B40)) -> 0
A41: =A5 -> 46035 | B41: =B5 -> 300 | C41: =C5 -> 3 | D41: =C41/B41 -> 0.01 | E41: =$D$32+3*SQRT($D$32*(1-$D$32)/B41) -> 0.032382098 | F41: =$D$32 -> 0.012864009 | G41: =MAX(0,$D$32-3*SQRT($D$32*(1-$D$32)/B41)) -> 0
A42: =A6 -> 46037 | B42: =B6 -> 500 | C42: =C6 -> 3 | D42: =C42/B42 -> 0.006 | E42: =$D$32+3*SQRT($D$32*(1-$D$32)/B42) -> 0.027982656 | F42: =$D$32 -> 0.012864009 | G42: =MAX(0,$D$32-3*SQRT($D$32*(1-$D$32)/B42)) -> 0
A43: =A7 -> 46038 | B43: =B7 -> 400 | C43: =C7 -> 3 | D43: =C43/B43 -> 0.0075 | E43: =$D$32+3*SQRT($D$32*(1-$D$32)/B43) -> 0.02976717 | F43: =$D$32 -> 0.012864009 | G43: =MAX(0,$D$32-3*SQRT($D$32*(1-$D$32)/B43)) -> 0
A44: =A8 -> 46041 | B44: =B8 -> 199 | C44: =C8 -> 3 | D44: =C44/B44 -> 0.015075377 | E44: =$D$32+3*SQRT($D$32*(1-$D$32)/B44) -> 0.036828675 | F44: =$D$32 -> 0.012864009 | G44: =MAX(0,$D$32-3*SQRT($D$32*(1-$D$32)/B44)) -> 0
A45: =A9 -> 46043 | B45: =B9 -> 300 | C45: =C9 -> 2 | D45: =C45/B45 -> 0.0066666667 | E45: =$D$32+3*SQRT($D$32*(1-$D$32)/B45) -> 0.032382098 | F45: =$D$32 -> 0.012864009 | G45: =MAX(0,$D$32-3*SQRT($D$32*(1-$D$32)/B45)) -> 0
A46: =A10 -> 46045 | B46: =B10 -> 300 | C46: =C10 -> 2 | D46: =C46/B46 -> 0.0066666667 | E46: =$D$32+3*SQRT($D$32*(1-$D$32)/B46) -> 0.032382098 | F46: =$D$32 -> 0.012864009 | G46: =MAX(0,$D$32-3*SQRT($D$32*(1-$D$32)/B46)) -> 0
A47: =A11 -> 46048 | B47: =B11 -> 200 | C47: =C11 -> 2 | D47: =C47/B47 -> 0.01 | E47: =$D$32+3*SQRT($D$32*(1-$D$32)/B47) -> 0.036768688 | F47: =$D$32 -> 0.012864009 | G47: =MAX(0,$D$32-3*SQRT($D$32*(1-$D$32)/B47)) -> 0
A48: =A12 -> 46050 | B48: =B12 -> 300 | C48: =C12 -> 6 | D48: =C48/B48 -> 0.02 | E48: =$D$32+3*SQRT($D$32*(1-$D$32)/B48) -> 0.032382098 | F48: =$D$32 -> 0.012864009 | G48: =MAX(0,$D$32-3*SQRT($D$32*(1-$D$32)/B48)) -> 0
A49: =A13 -> 46052 | B49: =B13 -> 399 | C49: =C13 -> 7 | D49: =C49/B49 -> 0.01754386 | E49: =$D$32+3*SQRT($D$32*(1-$D$32)/B49) -> 0.029788338 | F49: =$D$32 -> 0.012864009 | G49: =MAX(0,$D$32-3*SQRT($D$32*(1-$D$32)/B49)) -> 0
... A52: =A16 -> 46057 | B52: =B16 -> 499 | C52: =C16 -> 4 | D52: =C52/B52 -> 0.0080160321 | E52: =$D$32+3*SQRT($D$32*(1-$D$32)/B52) -> 0.027997797 | F52: =$D$32 -> 0.012864009 | G52: =MAX(0,$D$32-3*SQRT($D$32*(1-$D$32)/B52)) -> 0
A53: =A19 -> 46062 | B53: =B19 -> 25 | C53: =C19 -> 2 | D53: =C53/B53 -> 0.08 | E53: =$D$32+3*SQRT($D$32*(1-$D$32)/B53) -> 0.080476652 | F53: =$D$32 -> 0.012864009 | G53: =MAX(0,$D$32-3*SQRT($D$32*(1-$D$32)/B53)) -> 0
A54: =A21 -> 46064 | B54: =B21 -> 2 | C54: =C21 -> 0 | D54: =C54/B54 -> 0 | E54: =$D$32+3*SQRT($D$32*(1-$D$32)/B54) -> 0.2519108 | F54: =$D$32 -> 0.012864009 | G54: =MAX(0,$D$32-3*SQRT($D$32*(1-$D$32)/B54)) -> 0
A55: =A22 -> 46065 | B55: =B22 -> 86 | C55: =C22 -> 4 | D55: =C55/B55 -> 0.046511628 | E55: =$D$32+3*SQRT($D$32*(1-$D$32)/B55) -> 0.049318303 | F55: =$D$32 -> 0.012864009 | G55: =MAX(0,$D$32-3*SQRT($D$32*(1-$D$32)/B55)) -> 0
A56: =A25 -> 46070 | B56: =B25 -> 889 | C56: =C25 -> 20 | D56: =C56/B56 -> 0.022497188 | E56: =$D$32+3*SQRT($D$32*(1-$D$32)/B56) -> 0.024202285 | F56: =$D$32 -> 0.012864009 | G56: =MAX(0,$D$32-3*SQRT($D$32*(1-$D$32)/B56)) -> 0.0015257327
A57: =A28 -> 46076 | B57: =B28 -> 277 | C57: =C28 -> 8 | D57: =C57/B57 -> 0.028880866 | E57: =$D$32+3*SQRT($D$32*(1-$D$32)/B57) -> 0.033176259 | F57: =$D$32 -> 0.012864009 | G57: =MAX(0,$D$32-3*SQRT($D$32*(1-$D$32)/B57)) -> 0

Sheet CUSUM-EWMA Analizi
A1: PARAMETRELER
A2: k (CUSUM referans değeri) | B2: 0.5
A3: H (CUSUM karar aralığı, sigma) | B3: 5
A4: λ (EWMA ağırlık katsayısı) | B4: 0.2
A5: L (EWMA kontrol limiti, sigma) | B5: 3
A7: Not: z, her noktanın p̄'den standart sapma cinsinden farkıdır (z=(p-p̄)/σ). Örneklem büyüklüğü (n) gün gün değiştiği için CUSUM ve EWMA standartlaştırılmış z değeri üzerinden hesaplanmıştır. Bu, p-chart'ın yakalayamadığı küçük/kalıcı kaymaları erken tespit etmek içindir.
A9: YAZILIM SW HATASI — CUSUM / EWMA | O9: ELEKTRONİK - FONKSİYON HATASI — CUSUM / EWMA
A10: Tarih | B10: n | C10: d | D10: p | E10: sigma_i | F10: z_i (standart) | G10: CUSUM+ | H10: CUSUM- | I10: +H | J10: -H | K10: EWMA (z) | L10: +Limit | M10: -Limit | O10: Tarih | P10: n | Q10: d | R10: p | S10: sigma_i | T10: z_i (standart) | U10: CUSUM+ | V10: CUSUM- | W10: +H | X10: -H | Y10: EWMA (z) | Z10: +Limit | AA10: -Limit
A11: ='Yazılım SW Hatası'!A2 -> 46029 | B11: ='Yazılım SW Hatası'!B2 -> 2 | C11: ='Yazılım SW Hatası'!C2 -> 0 | D11: =C11/B11 -> 0 | E11: =SQRT('Yazılım SW Hatası'!$D$148*(1-'Yazılım SW Hatası'!$D$148)/B11) -> 0.050162655 | F11: =(D11-'Yazılım SW Hatası'!$D$148)/E11 -> -0.10083535 | G11: =MAX(0,F11-$B$2+0) -> 0 | H11: =MAX(0,-F11-$B$2+0) -> 0 | I11: =$B$3 -> 5 | J11: =-$B$3 -> -5 | K11: =$B$4*F11+(1-$B$4)*0 -> -0.02016707 | L11: =$B$5*SQRT(($B$4/(2-$B$4))*(1-(1-$B$4)^(2*1))) -> 0.6 | M11: =-L11 -> -0.6 | O11: ='Elektronik- Fonksiyon Hatası '!A2 -> 46029 | P11: ='Elektronik- Fonksiyon Hatası '!B2 -> 2 | Q11: ='Elektronik- Fonksiyon Hatası '!C2 -> 0 | R11: =Q11/P11 -> 0 | S11: =SQRT('Elektronik- Fonksiyon Hatası '!$D$148*(1-'Elektronik- Fonksiyon Hatası '!$D$148)/P11) -> 0.053650427 | T11: =(R11-'Elektronik- Fonksiyon Hatası '!$D$148)/S11 -> -0.10792577 | U11: =MAX(0,T11-$B$2+0) -> 0 | V11: =MAX(0,-T11-$B$2+0) -> 0 | W11: =$B$3 -> 5 | X11: =-$B$3 -> -5 | Y11: =$B$4*T11+(1-$B$4)*0 -> -0.021585155 | Z11: =$B$5*SQRT(($B$4/(2-$B$4))*(1-(1-$B$4)^(2*1))) -> 0.6 | AA11: =-Z11 -> -0.6
A12: ='Yazılım SW Hatası'!A3 -> 46030 | B12: ='Yazılım SW Hatası'!B3 -> 34 | C12: ='Yazılım SW Hatası'!C3 -> 0 | D12: =C12/B12 -> 0 | E12: =SQRT('Yazılım SW Hatası'!$D$148*(1-'Yazılım SW Hatası'!$D$148)/B12) -> 0.012166231 | F12: =(D12-'Yazılım SW Hatası'!$D$148)/E12 -> -0.41575481 | G12: =MAX(0,F12-$B$2+G11) -> 0 | H12: =MAX(0,-F12-$B$2+H11) -> 0 | I12: =$B$3 -> 5 | J12: =-$B$3 -> -5 | K12: =$B$4*F12+(1-$B$4)*K11 -> -0.099284618 | L12: =$B$5*SQRT(($B$4/(2-$B$4))*(1-(1-$B$4)^(2*2))) -> 0.76837491 | M12: =-L12 -> -0.76837491 | O12: ='Elektronik- Fonksiyon Hatası '!A3 -> 46030 | P12: ='Elektronik- Fonksiyon Hatası '!B3 -> 34 | Q12: ='Elektronik- Fonksiyon Hatası '!C3 -> 0 | R12: =Q12/P12 -> 0 | S12: =SQRT('Elektronik- Fonksiyon Hatası '!$D$148*(1-'Elektronik- Fonksiyon Hatası '!$D$148)/P12) -> 0.01301214 | T12: =(R12-'Elektronik- Fonksiyon Hatası '!$D$148)/S12 -> -0.44498936 | U12: =MAX(0,T12-$B$2+U11) -> 0 | V12: =MAX(0,-T12-$B$2+V11) -> 0 | W12: =$B$3 -> 5 | X12: =-$B$3 -> -5 | Y12: =$B$4*T12+(1-$B$4)*Y11 -> -0.106266 | Z12: =$B$5*SQRT(($B$4/(2-$B$4))*(1-(1-$B$4)^(2*2))) -> 0.76837491 | AA12: =-Z12 -> -0.76837491
A13: ='Yazılım SW Hatası'!A4 -> 46031 | B13: ='Yazılım SW Hatası'!B4 -> 1 | C13: ='Yazılım SW Hatası'!C4 -> 0 | D13: =C13/B13 -> 0 | E13: =SQRT('Yazılım SW Hatası'!$D$148*(1-'Yazılım SW Hatası'!$D$148)/B13) -> 0.070940707 | F13: =(D13-'Yazılım SW Hatası'!$D$148)/E13 -> -0.071301361 | G13: =MAX(0,F13-$B$2+G12) -> 0 | H13: =MAX(0,-F13-$B$2+H12) -> 0 | I13: =$B$3 -> 5 | J13: =-$B$3 -> -5 | K13: =$B$4*F13+(1-$B$4)*K12 -> -0.093687966 | L13: =$B$5*SQRT(($B$4/(2-$B$4))*(1-(1-$B$4)^(2*3))) -> 0.85898545 | M13: =-L13 -> -0.85898545 | O13: ='Elektronik- Fonksiyon Hatası '!A4 -> 46031 | P13: ='Elektronik- Fonksiyon Hatası '!B4 -> 1 | Q13: ='Elektronik- Fonksiyon Hatası '!C4 -> 0 | R13: =Q13/P13 -> 0 | S13: =SQRT('Elektronik- Fonksiyon Hatası '!$D$148*(1-'Elektronik- Fonksiyon Hatası '!$D$148)/P13) -> 0.075873161 | T13: =(R13-'Elektronik- Fonksiyon Hatası '!$D$148)/S13 -> -0.076315046 | U13: =MAX(0,T13-$B$2+U12) -> 0 | V13: =MAX(0,-T13-$B$2+V12) -> 0 | W13: =$B$3 -> 5 | X13: =-$B$3 -> -5 | Y13: =$B$4*T13+(1-$B$4)*Y12 -> -0.10027581 | Z13: =$B$5*SQRT(($B$4/(2-$B$4))*(1-(1-$B$4)^(2*3))) -> 0.85898545 | AA13: =-Z13 -> -0.85898545
A14: ='Yazılım SW Hatası'!A5 -> 46035 | B14: ='Yazılım SW Hatası'!B5 -> 81 | C14: ='Yazılım SW Hatası'!C5 -> 0 | D14: =C14/B14 -> 0 | E14: =SQRT('Yazılım SW Hatası'!$D$148*(1-'Yazılım SW Hatası'!$D$148)/B14) -> 0.0078823007 | F14: =(D14-'Yazılım SW Hatası'!$D$148)/E14 -> -0.64171225 | G14: =MAX(0,F14-$B$2+G13) -> 0 | H14: =MAX(0,-F14-$B$2+H13) -> 0.14171225 | I14: =$B$3 -> 5 | J14: =-$B$3 -> -5 | K14: =$B$4*F14+(1-$B$4)*K13 -> -0.20329282 | L14: =$B$5*SQRT(($B$4/(2-$B$4))*(1-(1-$B$4)^(2*4))) -> 0.91226522 | M14: =-L14 -> -0.91226522 | O14: ='Elektronik- Fonksiyon Hatası '!A5 -> 46035 | P14: ='Elektronik- Fonksiyon Hatası '!B5 -> 81 | Q14: ='Elektronik- Fonksiyon Hatası '!C5 -> 0 | R14: =Q14/P14 -> 0 | S14: =SQRT('Elektronik- Fonksiyon Hatası '!$D$148*(1-'Elektronik- Fonksiyon Hatası '!$D$148)/P14) -> 0.0084303513 | T14: =(R14-'Elektronik- Fonksiyon Hatası '!$D$148)/S14 -> -0.68683541 | U14: =MAX(0,T14-$B$2+U13) -> 0 | V14: =MAX(0,-T14-$B$2+V13) -> 0.18683541 | W14: =$B$3 -> 5 | X14: =-$B$3 -> -5 | Y14: =$B$4*T14+(1-$B$4)*Y13 -> -0.21758773 | Z14: =$B$5*SQRT(($B$4/(2-$B$4))*(1-(1-$B$4)^(2*4))) -> 0.91226522 | AA14: =-Z14 -> -0.91226522
A15: ='Yazılım SW Hatası'!A6 -> 46037 | B15: ='Yazılım SW Hatası'!B6 -> 6 | C15: ='Yazılım SW Hatası'!C6 -> 0 | D15: =C15/B15 -> 0 | E15: =SQRT('Yazılım SW Hatası'!$D$148*(1-'Yazılım SW Hatası'!$D$148)/B15) -> 0.028961422 | F15: =(D15-'Yazılım SW Hatası'!$D$148)/E15 -> -0.17465195 | G15: =MAX(0,F15-$B$2+G14) -> 0 | H15: =MAX(0,-F15-$B$2+H14) -> 0 | I15: =$B$3 -> 5 | J15: =-$B$3 -> -5 | K15: =$B$4*F15+(1-$B$4)*K14 -> -0.19756465 | L15: =$B$5*SQRT(($B$4/(2-$B$4))*(1-(1-$B$4)^(2*5))) -> 0.94478877 | M15: =-L15 -> -0.94478877 | O15: ='Elektronik- Fonksiyon Hatası '!A6 -> 46037 | P15: ='Elektronik- Fonksiyon Hatası '!B6 -> 6 | Q15: ='Elektronik- Fonksiyon Hatası '!C6 -> 0 | R15: =Q15/P15 -> 0 | S15: =SQRT('Elektronik- Fonksiyon Hatası '!$D$148*(1-'Elektronik- Fonksiyon Hatası '!$D$148)/P15) -> 0.030975088 | T15: =(R15-'Elektronik- Fonksiyon Hatası '!$D$148)/S15 -> -0.18693292 | U15: =MAX(0,T15-$B$2+U14) -> 0 | V15: =MAX(0,-T15-$B$2+V14) -> 0 | W15: =$B$3 -> 5 | X15: =-$B$3 -> -5 | Y15: =$B$4*T15+(1-$B$4)*Y14 -> -0.21145677 | Z15: =$B$5*SQRT(($B$4/(2-$B$4))*(1-(1-$B$4)^(2*5))) -> 0.94478877 | AA15: =-Z15 -> -0.94478877
A16: ='Yazılım SW Hatası'!A7 -> 46038 | B16: ='Yazılım SW Hatası'!B7 -> 5 | C16: ='Yazılım SW Hatası'!C7 -> 0 | D16: =C16/B16 -> 0 | E16: =SQRT('Yazılım SW Hatası'!$D$148*(1-'Yazılım SW Hatası'!$D$148)/B16) -> 0.031725649 | F16: =(D16-'Yazılım SW Hatası'!$D$148)/E16 -> -0.15943469 | G16: =MAX(0,F16-$B$2+G15) -> 0 | H16: =MAX(0,-F16-$B$2+H15) -> 0 | I16: =$B$3 -> 5 | J16: =-$B$3 -> -5 | K16: =$B$4*F16+(1-$B$4)*K15 -> -0.18993866 | L16: =$B$5*SQRT(($B$4/(2-$B$4))*(1-(1-$B$4)^(2*6))) -> 0.96502877 | M16: =-L16 -> -0.96502877 | O16: ='Elektronik- Fonksiyon Hatası '!A7 -> 46038 | P16: ='Elektronik- Fonksiyon Hatası '!B7 -> 2 | Q16: ='Elektronik- Fonksiyon Hatası '!C7 -> 0 | R16: =Q16/P16 -> 0 | S16: =SQRT('Elektronik- Fonksiyon Hatası '!$D$148*(1-'Elektronik- Fonksiyon Hatası '!$D$148)/P16) -> 0.053650427 | T16: =(R16-'Elektronik- Fonksiyon Hatası '!$D$148)/S16 -> -0.10792577 | U16: =MAX(0,T16-$B$2+U15) -> 0 | V16: =MAX(0,-T16-$B$2+V15) -> 0 | W16: =$B$3 -> 5 | X16: =-$B$3 -> -5 | Y16: =$B$4*T16+(1-$B$4)*Y15 -> -0.19075057 | Z16: =$B$5*SQRT(($B$4/(2-$B$4))*(1-(1-$B$4)^(2*6))) -> 0.96502877 | AA16: =-Z16 -> -0.96502877
A17: ='Yazılım SW Hatası'!A8 -> 46041 | B17: ='Yazılım SW Hatası'!B8 -> 12 | C17: ='Yazılım SW Hatası'!C8 -> 0 | D17: =C17/B17 -> 0 | E17: =SQRT('Yazılım SW Hatası'!$D$148*(1-'Yazılım SW Hatası'!$D$148)/B17) -> 0.020478818 | F17: =(D17-'Yazılım SW Hatası'!$D$148)/E17 -> -0.24699516 | G17: =MAX(0,F17-$B$2+G16) -> 0 | H17: =MAX(0,-F17-$B$2+H16) -> 0 | I17: =$B$3 -> 5 | J17: =-$B$3 -> -5 | K17: =$B$4*F17+(1-$B$4)*K16 -> -0.20134996 | L17: =$B$5*SQRT(($B$4/(2-$B$4))*(1-(1-$B$4)^(2*7))) -> 0.97776251 | M17: =-L17 -> -0.97776251 | O17: ='Elektronik- Fonksiyon Hatası '!A8 -> 46041 | P17: ='Elektronik- Fonksiyon Hatası '!B8 -> 12 | Q17: ='Elektronik- Fonksiyon Hatası '!C8 -> 0 | R17: =Q17/P17 -> 0 | S17: =SQRT('Elektronik- Fonksiyon Hatası '!$D$148*(1-'Elektronik- Fonksiyon Hatası '!$D$148)/P17) -> 0.021902695 | T17: =(R17-'Elektronik- Fonksiyon Hatası '!$D$148)/S17 -> -0.26436307 | U17: =MAX(0,T17-$B$2+U16) -> 0 | V17: =MAX(0,-T17-$B$2+V16) -> 0 | W17: =$B$3 -> 5 | X17: =-$B$3 -> -5 | Y17: =$B$4*T17+(1-$B$4)*Y16 -> -0.20547307 | Z17: =$B$5*SQRT(($B$4/(2-$B$4))*(1-(1-$B$4)^(2*7))) -> 0.97776251 | AA17: =-Z17 -> -0.97776251
A18: ='Yazılım SW Hatası'!A9 -> 46043 | B18: ='Yazılım SW Hatası'!B9 -> 316 | C18: ='Yazılım SW Hatası'!C9 -> 2 | D18: =C18/B18 -> 0.0063291139 | E18: =SQRT('Yazılım SW Hatası'!$D$148*(1-'Yazılım SW Hatası'!$D$148)/B18) -> 0.0039907265 | F18: =(D18-'Yazılım SW Hatası'!$D$148)/E18 -> 0.31847459 | G18: =MAX(0,F18-$B$2+G17) -> 0 | H18: =MAX(0,-F18-$B$2+H17) -> 0 | I18: =$B$3 -> 5 | J18: =-$B$3 -> -5 | K18: =$B$4*F18+(1-$B$4)*K17 -> -0.097385049 | L18: =$B$5*SQRT(($B$4/(2-$B$4))*(1-(1-$B$4)^(2*8))) -> 0.9858258 | M18: =-L18 -> -0.9858258 | O18: ='Elektronik- Fonksiyon Hatası '!A9 -> 46043 | P18: ='Elektronik- Fonksiyon Hatası '!B9 -> 316 | Q18: ='Elektronik- Fonksiyon Hatası '!C9 -> 5 | R18: =Q18/P18 -> 0.015822785 | S18: =SQRT('Elektronik- Fonksiyon Hatası '!$D$148*(1-'Elektronik- Fonksiyon Hatası '!$D$148)/P18) -> 0.0042681988 | T18: =(R18-'Elektronik- Fonksiyon Hatası '!$D$148)/S18 -> 2.3505281 | U18: =MAX(0,T18-$B$2+U17) -> 1.8505281 | V18: =MAX(0,-T18-$B$2+V17) -> 0 | W18: =$B$3 -> 5 | X18: =-$B$3 -> -5 | Y18: =$B$4*T18+(1-$B$4)*Y17 -> 0.30572716 | Z18: =$B$5*SQRT(($B$4/(2-$B$4))*(1-(1-$B$4)^(2*8))) -> 0.9858258 | AA18: =-Z18 -> -0.9858258
A19: ='Yazılım SW Hatası'!A10 -> 46045 | B19: ='Yazılım SW Hatası'!B10 -> 400 | C19: ='Yazılım SW Hatası'!C10 -> 1 | D19: =C19/B19 -> 0.0025 | E19: =SQRT('Yazılım SW Hatası'!$D$148*(1-'Yazılım SW Hatası'!$D$148)/B19) -> 0.0035470353 | F19: =(D19-'Yazılım SW Hatası'!$D$148)/E19 -> -0.72121327 | G19: =MAX(0,F19-$B$2+G18) -> 0 | H19: =MAX(0,-F19-$B$2+H18) -> 0.22121327 | I19: =$B$3 -> 5 | J19: =-$B$3 -> -5 | K19: =$B$4*F19+(1-$B$4)*K18 -> -0.22215069 | L19: =$B$5*SQRT(($B$4/(2-$B$4))*(1-(1-$B$4)^(2*9))) -> 0.99095187 | M19: =-L19 -> -0.99095187 | O19: ='Elektronik- Fonksiyon Hatası '!A10 -> 46045 | P19: ='Elektronik- Fonksiyon Hatası '!B10 -> 60 | Q19: ='Elektronik- Fonksiyon Hatası '!C10 -> 2 | R19: =Q19/P19 -> 0.033333333 | S19: =SQRT('Elektronik- Fonksiyon Hatası '!$D$148*(1-'Elektronik- Fonksiyon Hatası '!$D$148)/P19) -> 0.009795183 | T19: =(R19-'Elektronik- Fonksiyon Hatası '!$D$148)/S19 -> 2.8118994 | U19: =MAX(0,T19-$B$2+U18) -> 4.1624275 | V19: =MAX(0,-T19-$B$2+V18) -> 0 | W19: =$B$3 -> 5 | X19: =-$B$3 -> -5 | Y19: =$B$4*T19+(1-$B$4)*Y18 -> 0.80696161 | Z19: =$B$5*SQRT(($B$4/(2-$B$4))*(1-(1-$B$4)^(2*9))) -> 0.99095187 | AA19: =-Z19 -> -0.99095187
A20: ='Yazılım SW Hatası'!A11 -> 46048 | B20: ='Yazılım SW Hatası'!B11 -> 2 | C20: ='Yazılım SW Hatası'!C11 -> 0 | D20: =C20/B20 -> 0 | E20: =SQRT('Yazılım SW Hatası'!$D$148*(1-'Yazılım SW Hatası'!$D$148)/B20) -> 0.050162655 | F20: =(D20-'Yazılım SW Hatası'!$D$148)/E20 -> -0.10083535 | G20: =MAX(0,F20-$B$2+G19) -> 0 | H20: =MAX(0,-F20-$B$2+H19) -> 0 | I20: =$B$3 -> 5 | J20: =-$B$3 -> -5 | K20: =$B$4*F20+(1-$B$4)*K19 -> -0.19788762 | L20: =$B$5*SQRT(($B$4/(2-$B$4))*(1-(1-$B$4)^(2*10))) -> 0.99421868 | M20: =-L20 -> -0.99421868 | O20: ='Elektronik- Fonksiyon Hatası '!A11 -> 46048 | P20: ='Elektronik- Fonksiyon Hatası '!B11 -> 2 | Q20: ='Elektronik- Fonksiyon Hatası '!C11 -> 0 | R20: =Q20/P20 -> 0 | S20: =SQRT('Elektronik- Fonksiyon Hatası '!$D$148*(1-'Elektronik- Fonksiyon Hatası '!$D$148)/P20) -> 0.053650427 | T20: =(R20-'Elektronik- Fonksiyon Hatası '!$D$148)/S20 -> -0.10792577 | U20: =MAX(0,T20-$B$2+U19) -> 3.5545017 | V20: =MAX(0,-T20-$B$2+V19) -> 0 | W20: =$B$3 -> 5 | X20: =-$B$3 -> -5 | Y20: =$B$4*T20+(1-$B$4)*Y19 -> 0.62398413 | Z20: =$B$5*SQRT(($B$4/(2-$B$4))*(1-(1-$B$4)^(2*10))) -> 0.99421868 | AA20: =-Z20 -> -0.99421868
A21: ='Yazılım SW Hatası'!A12 -> 46050 | B21: ='Yazılım SW Hatası'!B12 -> 205 | C21: ='Yazılım SW Hatası'!C12 -> 1 | D21: =C21/B21 -> 0.0048780488 | E21: =SQRT('Yazılım SW Hatası'!$D$148*(1-'Yazılım SW Hatası'!$D$148)/B21) -> 0.0049547139 | F21: =(D21-'Yazılım SW Hatası'!$D$148)/E21 -> -0.036353292 | G21: =MAX(0,F21-$B$2+G20) -> 0 | H21: =MAX(0,-F21-$B$2+H20) -> 0 | I21: =$B$3 -> 5 | J21: =-$B$3 -> -5 | K21: =$B$4*F21+(1-$B$4)*K20 -> -0.16558076 | L21: =$B$5*SQRT(($B$4/(2-$B$4))*(1-(1-$B$4)^(2*11))) -> 0.99630382 | M21: =-L21 -> -0.99630382 | O21: ='Elektronik- Fonksiyon Hatası '!A12 -> 46050 | P21: ='Elektronik- Fonksiyon Hatası '!B12 -> 205 | Q21: ='Elektronik- Fonksiyon Hatası '!C12 -> 0 | R21: =Q21/P21 -> 0 | S21: =SQRT('Elektronik- Fonksiyon Hatası '!$D$148*(1-'Elektronik- Fonksiyon Hatası '!$D$148)/P21) -> 0.0052992115 | T21: =(R21-'Elektronik- Fonksiyon Hatası '!$D$148)/S21 -> -1.0926652 | U21: =MAX(0,T21-$B$2+U20) -> 1.9618365 | V21: =MAX(0,-T21-$B$2+V20) -> 0.59266517 | W21: =$B$3 -> 5 | X21: =-$B$3 -> -5 | Y21: =$B$4*T21+(1-$B$4)*Y20 -> 0.28065427 | Z21: =$B$5*SQRT(($B$4/(2-$B$4))*(1-(1-$B$4)^(2*11))) -> 0.99630382 | AA21: =-Z21 -> -0.99630382
A22: ='Yazılım SW Hatası'!A13 -> 46052 | B22: ='Yazılım SW Hatası'!B13 -> 200 | C22: ='Yazılım SW Hatası'!C13 -> 1 | D22: =C22/B22 -> 0.005 | E22: =SQRT('Yazılım SW Hatası'!$D$148*(1-'Yazılım SW Hatası'!$D$148)/B22) -> 0.0050162655 | F22: =(D22-'Yazılım SW Hatası'!$D$148)/E22 -> -0.011596065 | G22: =MAX(0,F22-$B$2+G21) -> 0 | H22: =MAX(0,-F22-$B$2+H21) -> 0 | I22: =$B$3 -> 5 | J22: =-$B$3 -> -5 | K22: =$B$4*F22+(1-$B$4)*K21 -> -0.13478382 | L22: =$B$5*SQRT(($B$4/(2-$B$4))*(1-(1-$B$4)^(2*12))) -> 0.99763602 | M22: =-L22 -> -0.99763602 | O22: ='Elektronik- Fonksiyon Hatası '!A13 -> 46052 | P22: ='Elektronik- Fonksiyon Hatası '!B13 -> 6 | Q22: ='Elektronik- Fonksiyon Hatası '!C13 -> 0 | R22: =Q22/P22 -> 0 | S22: =SQRT('Elektronik- Fonksiyon Hatası '!$D$148*(1-'Elektronik- Fonksiyon Hatası '!$D$148)/P22) -> 0.030975088 | T22: =(R22-'Elektronik- Fonksiyon Hatası '!$D$148)/S22 -> -0.18693292 | U22: =MAX(0,T22-$B$2+U21) -> 1.2749036 | V22: =MAX(0,-T22-$B$2+V21) -> 0.27959809 | W22: =$B$3 -> 5 | X22: =-$B$3 -> -5 | Y22: =$B$4*T22+(1-$B$4)*Y21 -> 0.18713684 | Z22: =$B$5*SQRT(($B$4/(2-$B$4))*(1-(1-$B$4)^(2*12))) -> 0.99763602 | AA22: =-Z22 -> -0.99763602
A23: ='Yazılım SW Hatası'!A14 -> 46055 | B23: ='Yazılım SW Hatası'!B14 -> 2 | C23: ='Yazılım SW Hatası'!C14 -> 0 | D23: =C23/B23 -> 0 | E23: =SQRT('Yazılım SW Hatası'!$D$148*(1-'Yazılım SW Hatası'!$D$148)/B23) -> 0.050162655 | F23: =(D23-'Yazılım SW Hatası'!$D$148)/E23 -> -0.10083535 | G23: =MAX(0,F23-$B$2+G22) -> 0 | H23: =MAX(0,-F23-$B$2+H22) -> 0 | I23: =$B$3 -> 5 | J23: =-$B$3 -> -5 | K23: =$B$4*F23+(1-$B$4)*K22 -> -0.12799413 | L23: =$B$5*SQRT(($B$4/(2-$B$4))*(1-(1-$B$4)^(2*13))) -> 0.9984877 | M23: =-L23 -> -0.9984877 | O23: ='Elektronik- Fonksiyon Hatası '!A14 -> 46055 | P23: ='Elektronik- Fonksiyon Hatası '!B14 -> 2 | Q23: ='Elektronik- Fonksiyon Hatası '!C14 -> 0 | R23: =Q23/P23 -> 0 | S23: =SQRT('Elektronik- Fonksiyon Hatası '!$D$148*(1-'Elektronik- Fonksiyon Hatası '!$D$148)/P23) -> 0.053650427 | T23: =(R23-'Elektronik- Fonksiyon Hatası '!$D$148)/S23 -> -0.10792577 | U23: =MAX(0,T23-$B$2+U22) -> 0.66697785 | V23: =MAX(0,-T23-$B$2+V22) -> 0 | W23: =$B$3 -> 5 | X23: =-$B$3 -> -5 | Y23: =$B$4*T23+(1-$B$4)*Y22 -> 0.12812431 | Z23: =$B$5*SQRT(($B$4/(2-$B$4))*(1-(1-$B$4)^(2*13))) -> 0.9984877 | AA23: =-Z23 -> -0.9984877
A24: ='Yazılım SW Hatası'!A15 -> 46056 | B24: ='Yazılım SW Hatası'!B15 -> 1 | C24: ='Yazılım SW Hatası'!C15 -> 0 | D24: =C24/B24 -> 0 | E24: =SQRT('Yazılım SW Hatası'!$D$148*(1-'Yazılım SW Hatası'!$D$148)/B24) -> 0.070940707 | F24: =(D24-'Yazılım SW Hatası'!$D$148)/E24 -> -0.071301361 | G24: =MAX(0,F24-$B$2+G23) -> 0 | H24: =MAX(0,-F24-$B$2+H23) -> 0 | I24: =$B$3 -> 5 | J24: =-$B$3 -> -5 | K24: =$B$4*F24+(1-$B$4)*K23 -> -0.11665557 | L24: =$B$5*SQRT(($B$4/(2-$B$4))*(1-(1-$B$4)^(2*14))) -> 0.99903239 | M24: =-L24 -> -0.99903239 | O24: ='Elektronik- Fonksiyon Hatası '!A15 -> 46056 | P24: ='Elektronik- Fonksiyon Hatası '!B15 -> 1 | Q24: ='Elektronik- Fonksiyon Hatası '!C15 -> 0 | R24: =Q24/P24 -> 0 | S24: =SQRT('Elektronik- Fonksiyon Hatası '!$D$148*(1-'Elektronik- Fonksiyon Hatası '!$D$148)/P24) -> 0.075873161 | T24: =(R24-'Elektronik- Fonksiyon Hatası '!$D$148)/S24 -> -0.076315046 | U24: =MAX(0,T24-$B$2+U23) -> 0.090662809 | V24: =MAX(0,-T24-$B$2+V23) -> 0 | W24: =$B$3 -> 5 | X24: =-$B$3 -> -5 | Y24: =$B$4*T24+(1-$B$4)*Y23 -> 0.087236442 | Z24: =$B$5*SQRT(($B$4/(2-$B$4))*(1-(1-$B$4)^(2*14))) -> 0.99903239 | AA24: =-Z24 -> -0.99903239
A25: ='Yazılım SW Hatası'!A16 -> 46057 | B25: ='Yazılım SW Hatası'!B16 -> 7 | C25: ='Yazılım SW Hatası'!C16 -> 0 | D25: =C25/B25 -> 0 | E25: =SQRT('Yazılım SW Hatası'!$D$148*(1-'Yazılım SW Hatası'!$D$148)/B25) -> 0.026813067 | F25: =(D25-'Yazılım SW Hatası'!$D$148)/E25 -> -0.18864567 | G25: =MAX(0,F25-$B$2+G24) -> 0 | H25: =MAX(0,-F25-$B$2+H24) -> 0 | I25: =$B$3 -> 5 | J25: =-$B$3 -> -5 | K25: =$B$4*F25+(1-$B$4)*K24 -> -0.13105359 | L25: =$B$5*SQRT(($B$4/(2-$B$4))*(1-(1-$B$4)^(2*15))) -> 0.99938084 | M25: =-L25 -> -0.99938084 | O25: ='Elektronik- Fonksiyon Hatası '!A16 -> 46057 | P25: ='Elektronik- Fonksiyon Hatası '!B16 -> 7 | Q25: ='Elektronik- Fonksiyon Hatası '!C16 -> 0 | R25: =Q25/P25 -> 0 | S25: =SQRT('Elektronik- Fonksiyon Hatası '!$D$148*(1-'Elektronik- Fonksiyon Hatası '!$D$148)/P25) -> 0.028677359 | T25: =(R25-'Elektronik- Fonksiyon Hatası '!$D$148)/S25 -> -0.20191063 | U25: =MAX(0,T25-$B$2+U24) -> 0 | V25: =MAX(0,-T25-$B$2+V24) -> 0 | W25: =$B$3 -> 5 | X25: =-$B$3 -> -5 | Y25: =$B$4*T25+(1-$B$4)*Y24 -> 0.029407027 | Z25: =$B$5*SQRT(($B$4/(2-$B$4))*(1-(1-$B$4)^(2*15))) -> 0.99938084 | AA25: =-Z25 -> -0.99938084
A26: ='Yazılım SW Hatası'!A17 -> 46058 | B26: ='Yazılım SW Hatası'!B17 -> 6 | C26: ='Yazılım SW Hatası'!C17 -> 0 | D26: =C26/B26 -> 0 | E26: =SQRT('Yazılım SW Hatası'!$D$148*(1-'Yazılım SW Hatası'!$D$148)/B26) -> 0.028961422 | F26: =(D26-'Yazılım SW Hatası'!$D$148)/E26 -> -0.17465195 | G26: =MAX(0,F26-$B$2+G25) -> 0 | H26: =MAX(0,-F26-$B$2+H25) -> 0 | I26: =$B$3 -> 5 | J26: =-$B$3 -> -5 | K26: =$B$4*F26+(1-$B$4)*K25 -> -0.13977326 | L26: =$B$5*SQRT(($B$4/(2-$B$4))*(1-(1-$B$4)^(2*16))) -> 0.99960378 | M26: =-L26 -> -0.99960378 | O26: ='Elektronik- Fonksiyon Hatası '!A17 -> 46058 | P26: ='Elektronik- Fonksiyon Hatası '!B17 -> 6 | Q26: ='Elektronik- Fonksiyon Hatası '!C17 -> 0 | R26: =Q26/P26 -> 0 | S26: =SQRT('Elektronik- Fonksiyon Hatası '!$D$148*(1-'Elektronik- Fonksiyon Hatası '!$D$148)/P26) -> 0.030975088 | T26: =(R26-'Elektronik- Fonksiyon Hatası '!$D$148)/S26 -> -0.18693292 | U26: =MAX(0,T26-$B$2+U25) -> 0 | V26: =MAX(0,-T26-$B$2+V25) -> 0 | W26: =$B$3 -> 5 | X26: =-$B$3 -> -5 | Y26: =$B$4*T26+(1-$B$4)*Y25 -> -0.013860963 | Z26: =$B$5*SQRT(($B$4/(2-$B$4))*(1-(1-$B$4)^(2*16))) -> 0.99960378 | AA26: =-Z26 -> -0.99960378
A27: ='Yazılım SW Hatası'!A18 -> 46059 | B27: ='Yazılım SW Hatası'!B18 -> 7 | C27: ='Yazılım SW Hatası'!C18 -> 0 | D27: =C27/B27 -> 0 | E27: =SQRT('Yazılım SW Hatası'!$D$148*(1-'Yazılım SW Hatası'!$D$148)/B27) -> 0.026813067 | F27: =(D27-'Yazılım SW Hatası'!$D$148)/E27 -> -0.18864567 | G27: =MAX(0,F27-$B$2+G26) -> 0 | H27: =MAX(0,-F27-$B$2+H26) -> 0 | I27: =$B$3 -> 5 | J27: =-$B$3 -> -5 | K27: =$B$4*F27+(1-$B$4)*K26 -> -0.14954775 | L27: =$B$5*SQRT(($B$4/(2-$B$4))*(1-(1-$B$4)^(2*17))) -> 0.99974644 | M27: =-L27 -> -0.99974644 | O27: ='Elektronik- Fonksiyon Hatası '!A18 -> 46059 | P27: ='Elektronik- Fonksiyon Hatası '!B18 -> 7 | Q27: ='Elektronik- Fonksiyon Hatası '!C18 -> 0 | R27: =Q27/P27 -> 0 | S27: =SQRT('Elektronik- Fonksiyon Hatası '!$D$148*(1-'Elektronik- Fonksiyon Hatası '!$D$148)/P27) -> 0.028677359 | T27: =(R27-'Elektronik- Fonksiyon Hatası '!$D$148)/S27 -> -0.20191063 | U27: =MAX(0,T27-$B$2+U26) -> 0 | V27: =MAX(0,-T27-$B$2+V26) -> 0 | W27: =$B$3 -> 5 | X27: =-$B$3 -> -5 | Y27: =$B$4*T27+(1-$B$4)*Y26 -> -0.051470897 | Z27: =$B$5*SQRT(($B$4/(2-$B$4))*(1-(1-$B$4)^(2*17))) -> 0.99974644 | AA27: =-Z27 -> -0.99974644
A28: ='Yazılım SW Hatası'!A19 -> 46062 | B28: ='Yazılım SW Hatası'!B19 -> 25 | C28: ='Yazılım SW Hatası'!C19 -> 0 | D28: =C28/B28 -> 0 | E28: =SQRT('Yazılım SW Hatası'!$D$148*(1-'Yazılım SW Hatası'!$D$148)/B28) -> 0.014188141 | F28: =(D28-'Yazılım SW Hatası'!$D$148)/E28 -> -0.35650681 | G28: =MAX(0,F28-$B$2+G27) -> 0 | H28: =MAX(0,-F28-$B$2+H27) -> 0 | I28: =$B$3 -> 5 | J28: =-$B$3 -> -5 | K28: =$B$4*F28+(1-$B$4)*K27 -> -0.19093956 | L28: =$B$5*SQRT(($B$4/(2-$B$4))*(1-(1-$B$4)^(2*18))) -> 0.99983773 | M28: =-L28 -> -0.99983773 | O28: ='Elektronik- Fonksiyon Hatası '!A19 -> 46062 | P28: ='Elektronik- Fonksiyon Hatası '!B19 -> 25 | Q28: ='Elektronik- Fonksiyon Hatası '!C19 -> 0 | R28: =Q28/P28 -> 0 | S28: =SQRT('Elektronik- Fonksiyon Hatası '!$D$148*(1-'Elektronik- Fonksiyon Hatası '!$D$148)/P28) -> 0.015174632 | T28: =(R28-'Elektronik- Fonksiyon Hatası '!$D$148)/S28 -> -0.38157523 | U28: =MAX(0,T28-$B$2+U27) -> 0 | V28: =MAX(0,-T28-$B$2+V27) -> 0 | W28: =$B$3 -> 5 | X28: =-$B$3 -> -5 | Y28: =$B$4*T28+(1-$B$4)*Y27 -> -0.11749176 | Z28: =$B$5*SQRT(($B$4/(2-$B$4))*(1-(1-$B$4)^(2*18))) -> 0.99983773 | AA28: =-Z28 -> -0.99983773
A29: ='Yazılım SW Hatası'!A20 -> 46063 | B29: ='Yazılım SW Hatası'!B20 -> 4 | C29: ='Yazılım SW Hatası'!C20 -> 0 | D29: =C29/B29 -> 0 | E29: =SQRT('Yazılım SW Hatası'!$D$148*(1-'Yazılım SW Hatası'!$D$148)/B29) -> 0.035470353 | F29: =(D29-'Yazılım SW Hatası'!$D$148)/E29 -> -0.14260272 | G29: =MAX(0,F29-$B$2+G28) -> 0 | H29: =MAX(0,-F29-$B$2+H28) -> 0 | I29: =$B$3 -> 5 | J29: =-$B$3 -> -5 | K29: =$B$4*F29+(1-$B$4)*K28 -> -0.18127219 | L29: =$B$5*SQRT(($B$4/(2-$B$4))*(1-(1-$B$4)^(2*19))) -> 0.99989615 | M29: =-L29 -> -0.99989615 | O29: ='Elektronik- Fonksiyon Hatası '!A20 -> 46063 | P29: ='Elektronik- Fonksiyon Hatası '!B20 -> 4 | Q29: ='Elektronik- Fonksiyon Hatası '!C20 -> 0 | R29: =Q29/P29 -> 0 | S29: =SQRT('Elektronik- Fonksiyon Hatası '!$D$148*(1-'Elektronik- Fonksiyon Hatası '!$D$148)/P29) -> 0.037936581 | T29: =(R29-'Elektronik- Fonksiyon Hatası '!$D$148)/S29 -> -0.15263009 | U29: =MAX(0,T29-$B$2+U28) -> 0 | V29: =MAX(0,-T29-$B$2+V28) -> 0 | W29: =$B$3 -> 5 | X29: =-$B$3 -> -5 | Y29: =$B$4*T29+(1-$B$4)*Y28 -> -0.12451943 | Z29: =$B$5*SQRT(($B$4/(2-$B$4))*(1-(1-$B$4)^(2*19))) -> 0.99989615 | AA29: =-Z29 -> -0.99989615
A30: ='Yazılım SW Hatası'!A21 -> 46064 | B30: ='Yazılım SW Hatası'!B21 -> 2 | C30: ='Yazılım SW Hatası'!C21 -> 0 | D30: =C30/B30 -> 0 | E30: =SQRT('Yazılım SW Hatası'!$D$148*(1-'Yazılım SW Hatası'!$D$148)/B30) -> 0.050162655 | F30: =(D30-'Yazılım SW Hatası'!$D$148)/E30 -> -0.10083535 | G30: =MAX(0,F30-$B$2+G29) -> 0 | H30: =MAX(0,-F30-$B$2+H29) -> 0 | I30: =$B$3 -> 5 | J30: =-$B$3 -> -5 | K30: =$B$4*F30+(1-$B$4)*K29 -> -0.16518482 | L30: =$B$5*SQRT(($B$4/(2-$B$4))*(1-(1-$B$4)^(2*20))) -> 0.99993354 | M30: =-L30 -> -0.99993354 | O30: ='Elektronik- Fonksiyon Hatası '!A21 -> 46064 | P30: ='Elektronik- Fonksiyon Hatası '!B21 -> 2 | Q30: ='Elektronik- Fonksiyon Hatası '!C21 -> 0 | R30: =Q30/P30 -> 0 | S30: =SQRT('Elektronik- Fonksiyon Hatası '!$D$148*(1-'Elektronik- Fonksiyon Hatası '!$D$148)/P30) -> 0.053650427 | T30: =(R30-'Elektronik- Fonksiyon Hatası '!$D$148)/S30 -> -0.10792577 | U30: =MAX(0,T30-$B$2+U29) -> 0 | V30: =MAX(0,-T30-$B$2+V29) -> 0 | W30: =$B$3 -> 5 | X30: =-$B$3 -> -5 | Y30: =$B$4*T30+(1-$B$4)*Y29 -> -0.1212007 | Z30: =$B$5*SQRT(($B$4/(2-$B$4))*(1-(1-$B$4)^(2*20))) -> 0.99993354 | AA30: =-Z30 -> -0.99993354
A31: ='Yazılım SW Hatası'!A22 -> 46065 | B31: ='Yazılım SW Hatası'!B22 -> 86 | C31: ='Yazılım SW Hatası'!C22 -> 1 | D31: =C31/B31 -> 0.011627907 | E31: =SQRT('Yazılım SW Hatası'!$D$148*(1-'Yazılım SW Hatası'!$D$148)/B31) -> 0.0076497331 | F31: =(D31-'Yazılım SW Hatası'!$D$148)/E31 -> 0.85881924 | G31: =MAX(0,F31-$B$2+G30) -> 0.35881924 | H31: =MAX(0,-F31-$B$2+H30) -> 0 | I31: =$B$3 -> 5 | J31: =-$B$3 -> -5 | K31: =$B$4*F31+(1-$B$4)*K30 -> 0.039615991 | L31: =$B$5*SQRT(($B$4/(2-$B$4))*(1-(1-$B$4)^(2*21))) -> 0.99995746 | M31: =-L31 -> -0.99995746 | O31: ='Elektronik- Fonksiyon Hatası '!A22 -> 46065 | P31: ='Elektronik- Fonksiyon Hatası '!B22 -> 86 | Q31: ='Elektronik- Fonksiyon Hatası '!C22 -> 0 | R31: =Q31/P31 -> 0 | S31: =SQRT('Elektronik- Fonksiyon Hatası '!$D$148*(1-'Elektronik- Fonksiyon Hatası '!$D$148)/P31) -> 0.0081816134 | T31: =(R31-'Elektronik- Fonksiyon Hatası '!$D$148)/S31 -> -0.70771662 | U31: =MAX(0,T31-$B$2+U30) -> 0 | V31: =MAX(0,-T31-$B$2+V30) -> 0.20771662 | W31: =$B$3 -> 5 | X31: =-$B$3 -> -5 | Y31: =$B$4*T31+(1-$B$4)*Y30 -> -0.23850388 | Z31: =$B$5*SQRT(($B$4/(2-$B$4))*(1-(1-$B$4)^(2*21))) -> 0.99995746 | AA31: =-Z31 -> -0.99995746
A32: ='Yazılım SW Hatası'!A23 -> 46066 | B32: ='Yazılım SW Hatası'!B23 -> 16 | C32: ='Yazılım SW Hatası'!C23 -> 0 | D32: =C32/B32 -> 0 | E32: =SQRT('Yazılım SW Hatası'!$D$148*(1-'Yazılım SW Hatası'!$D$148)/B32) -> 0.017735177 | F32: =(D32-'Yazılım SW Hatası'!$D$148)/E32 -> -0.28520544 | G32: =MAX(0,F32-$B$2+G31) -> 0 | H32: =MAX(0,-F32-$B$2+H31) -> 0 | I32: =$B$3 -> 5 | J32: =-$B$3 -> -5 | K32: =$B$4*F32+(1-$B$4)*K31 -> -0.025348296 | L32: =$B$5*SQRT(($B$4/(2-$B$4))*(1-(1-$B$4)^(2*22))) -> 0.99997278 | M32: =-L32 -> -0.99997278 | O32: ='Elektronik- Fonksiyon Hatası '!A23 -> 46066 | P32: ='Elektronik- Fonksiyon Hatası '!B23 -> 16 | Q32: ='Elektronik- Fonksiyon Hatası '!C23 -> 0 | R32: =Q32/P32 -> 0 | S32: =SQRT('Elektronik- Fonksiyon Hatası '!$D$148*(1-'Elektronik- Fonksiyon Hatası '!$D$148)/P32) -> 0.01896829 | T32: =(R32-'Elektronik- Fonksiyon Hatası '!$D$148)/S32 -> -0.30526018 | U32: =MAX(0,T32-$B$2+U31) -> 0 | V32: =MAX(0,-T32-$B$2+V31) -> 0.012976802 | W32: =$B$3 -> 5 | X32: =-$B$3 -> -5 | Y32: =$B$4*T32+(1-$B$4)*Y31 -> -0.25185514 | Z32: =$B$5*SQRT(($B$4/(2-$B$4))*(1-(1-$B$4)^(2*22))) -> 0.99997278 | AA32: =-Z32 -> -0.99997278
A33: ='Yazılım SW Hatası'!A24 -> 46069 | B33: ='Yazılım SW Hatası'!B24 -> 7 | C33: ='Yazılım SW Hatası'!C24 -> 0 | D33: =C33/B33 -> 0 | E33: =SQRT('Yazılım SW Hatası'!$D$148*(1-'Yazılım SW Hatası'!$D$148)/B33) -> 0.026813067 | F33: =(D33-'Yazılım SW Hatası'!$D$148)/E33 -> -0.18864567 | G33: =MAX(0,F33-$B$2+G32) -> 0 | H33: =MAX(0,-F33-$B$2+H32) -> 0 | I33: =$B$3 -> 5 | J33: =-$B$3 -> -5 | K33: =$B$4*F33+(1-$B$4)*K32 -> -0.058007771 | L33: =$B$5*SQRT(($B$4/(2-$B$4))*(1-(1-$B$4)^(2*23))) -> 0.99998258 | M33: =-L33 -> -0.99998258 | O33: ='Elektronik- Fonksiyon Hatası '!A24 -> 46069 | P33: ='Elektronik- Fonksiyon Hatası '!B24 -> 7 | Q33: ='Elektronik- Fonksiyon Hatası '!C24 -> 0 | R33: =Q33/P33 -> 0 | S33: =SQRT('Elektronik- Fonksiyon Hatası '!$D$148*(1-'Elektronik- Fonksiyon Hatası '!$D$148)/P33) -> 0.028677359 | T33: =(R33-'Elektronik- Fonksiyon Hatası '!$D$148)/S33 -> -0.20191063 | U33: =MAX(0,T33-$B$2+U32) -> 0 | V33: =MAX(0,-T33-$B$2+V32) -> 0 | W33: =$B$3 -> 5 | X33: =-$B$3 -> -5 | Y33: =$B$4*T33+(1-$B$4)*Y32 -> -0.24186624 | Z33: =$B$5*SQRT(($B$4/(2-$B$4))*(1-(1-$B$4)^(2*23))) -> 0.99998258 | AA33: =-Z33 -> -0.99998258
A34: ='Yazılım SW Hatası'!A25 -> 46070 | B34: ='Yazılım SW Hatası'!B25 -> 11 | C34: ='Yazılım SW Hatası'!C25 -> 0 | D34: =C34/B34 -> 0 | E34: =SQRT('Yazılım SW Hatası'!$D$148*(1-'Yazılım SW Hatası'!$D$148)/B34) -> 0.021389428 | F34: =(D34-'Yazılım SW Hatası'!$D$148)/E34 -> -0.23647986 | G34: =MAX(0,F34-$B$2+G33) -> 0 | H34: =MAX(0,-F34-$B$2+H33) -> 0 | I34: =$B$3 -> 5 | J34: =-$B$3 -> -5 | K34: =$B$4*F34+(1-$B$4)*K33 -> -0.093702189 | L34: =$B$5*SQRT(($B$4/(2-$B$4))*(1-(1-$B$4)^(2*24))) -> 0.99998885 | M34: =-L34 -> -0.99998885 | O34: ='Elektronik- Fonksiyon Hatası '!A25 -> 46070 | P34: ='Elektronik- Fonksiyon Hatası '!B25 -> 11 | Q34: ='Elektronik- Fonksiyon Hatası '!C25 -> 0 | R34: =Q34/P34 -> 0 | S34: =SQRT('Elektronik- Fonksiyon Hatası '!$D$148*(1-'Elektronik- Fonksiyon Hatası '!$D$148)/P34) -> 0.022876619 | T34: =(R34-'Elektronik- Fonksiyon Hatası '!$D$148)/S34 -> -0.25310837 | U34: =MAX(0,T34-$B$2+U33) -> 0 | V34: =MAX(0,-T34-$B$2+V33) -> 0 | W34: =$B$3 -> 5 | X34: =-$B$3 -> -5 | Y34: =$B$4*T34+(1-$B$4)*Y33 -> -0.24411467 | Z34: =$B$5*SQRT(($B$4/(2-$B$4))*(1-(1-$B$4)^(2*24))) -> 0.99998885 | AA34: =-Z34 -> -0.99998885
A35: ='Yazılım SW Hatası'!A26 -> 46071 | B35: ='Yazılım SW Hatası'!B26 -> 6 | C35: ='Yazılım SW Hatası'!C26 -> 0 | D35: =C35/B35 -> 0 | E35: =SQRT('Yazılım SW Hatası'!$D$148*(1-'Yazılım SW Hatası'!$D$148)/B35) -> 0.028961422 | F35: =(D35-'Yazılım SW Hatası'!$D$148)/E35 -> -0.17465195 | G35: =MAX(0,F35-$B$2+G34) -> 0 | H35: =MAX(0,-F35-$B$2+H34) -> 0 | I35: =$B$3 -> 5 | J35: =-$B$3 -> -5 | K35: =$B$4*F35+(1-$B$4)*K34 -> -0.10989214 | L35: =$B$5*SQRT(($B$4/(2-$B$4))*(1-(1-$B$4)^(2*25))) -> 0.99999286 | M35: =-L35 -> -0.99999286 | O35: ='Elektronik- Fonksiyon Hatası '!A26 -> 46071 | P35: ='Elektronik- Fonksiyon Hatası '!B26 -> 6 | Q35: ='Elektronik- Fonksiyon Hatası '!C26 -> 0 | R35: =Q35/P35 -> 0 | S35: =SQRT('Elektronik- Fonksiyon Hatası '!$D$148*(1-'Elektronik- Fonksiyon Hatası '!$D$148)/P35) -> 0.030975088 | T35: =(R35-'Elektronik- Fonksiyon Hatası '!$D$148)/S35 -> -0.18693292 | U35: =MAX(0,T35-$B$2+U34) -> 0 | V35: =MAX(0,-T35-$B$2+V34) -> 0 | W35: =$B$3 -> 5 | X35: =-$B$3 -> -5 | Y35: =$B$4*T35+(1-$B$4)*Y34 -> -0.23267832 | Z35: =$B$5*SQRT(($B$4/(2-$B$4))*(1-(1-$B$4)^(2*25))) -> 0.99999286 | AA35: =-Z35 -> -0.99999286
A36: ='Yazılım SW Hatası'!A27 -> 46072 | B36: ='Yazılım SW Hatası'!B27 -> 8 | C36: ='Yazılım SW Hatası'!C27 -> 0 | D36: =C36/B36 -> 0 | E36: =SQRT('Yazılım SW Hatası'!$D$148*(1-'Yazılım SW Hatası'!$D$148)/B36) -> 0.025081327 | F36: =(D36-'Yazılım SW Hatası'!$D$148)/E36 -> -0.2016707 | G36: =MAX(0,F36-$B$2+G35) -> 0 | H36: =MAX(0,-F36-$B$2+H35) -> 0 | I36: =$B$3 -> 5 | J36: =-$B$3 -> -5 | K36: =$B$4*F36+(1-$B$4)*K35 -> -0.12824785 | L36: =$B$5*SQRT(($B$4/(2-$B$4))*(1-(1-$B$4)^(2*26))) -> 0.99999543 | M36: =-L36 -> -0.99999543 | O36: ='Elektronik- Fonksiyon Hatası '!A27 -> 46072 | P36: ='Elektronik- Fonksiyon Hatası '!B27 -> 8 | Q36: ='Elektronik- Fonksiyon Hatası '!C27 -> 0 | R36: =Q36/P36 -> 0 | S36: =SQRT('Elektronik- Fonksiyon Hatası '!$D$148*(1-'Elektronik- Fonksiyon Hatası '!$D$148)/P36) -> 0.026825213 | T36: =(R36-'Elektronik- Fonksiyon Hatası '!$D$148)/S36 -> -0.21585155 | U36: =MAX(0,T36-$B$2+U35) -> 0 | V36: =MAX(0,-T36-$B$2+V35) -> 0 | W36: =$B$3 -> 5 | X36: =-$B$3 -> -5 | Y36: =$B$4*T36+(1-$B$4)*Y35 -> -0.22931296 | Z36: =$B$5*SQRT(($B$4/(2-$B$4))*(1-(1-$B$4)^(2*26))) -> 0.99999543 | AA36: =-Z36 -> -0.99999543
A37: ='Yazılım SW Hatası'!A28 -> 46076 | B37: ='Yazılım SW Hatası'!B28 -> 12 | C37: ='Yazılım SW Hatası'!C28 -> 0 | D37: =C37/B37 -> 0 | E37: =SQRT('Yazılım SW Hatası'!$D$148*(1-'Yazılım SW Hatası'!$D$148)/B37) -> 0.020478818 | F37: =(D37-'Yazılım SW Hatası'!$D$148)/E37 -> -0.24699516 | G37: =MAX(0,F37-$B$2+G36) -> 0 | H37: =MAX(0,-F37-$B$2+H36) -> 0 | I37: =$B$3 -> 5 | J37: =-$B$3 -> -5 | K37: =$B$4*F37+(1-$B$4)*K36 -> -0.15199732 | L37: =$B$5*SQRT(($B$4/(2-$B$4))*(1-(1-$B$4)^(2*27))) -> 0.99999708 | M37: =-L37 -> -0.99999708 | O37: ='Elektronik- Fonksiyon Hatası '!A28 -> 46076 | P37: ='Elektronik- Fonksiyon Hatası '!B28 -> 12 | Q37: ='Elektronik- Fonksiyon Hatası '!C28 -> 0 | R37: =Q37/P37 -> 0 | S37: =SQRT('Elektronik- Fonksiyon Hatası '!$D$148*(1-'Elektronik- Fonksiyon Hatası '!$D$148)/P37) -> 0.021902695 | T37: =(R37-'Elektronik- Fonksiyon Hatası '!$D$148)/S37 -> -0.26436307 | U37: =MAX(0,T37-$B$2+U36) -> 0 | V37: =MAX(0,-T37-$B$2+V36) -> 0 | W37: =$B$3 -> 5 | X37: =-$B$3 -> -5 | Y37: =$B$4*T37+(1-$B$4)*Y36 -> -0.23632298 | Z37: =$B$5*SQRT(($B$4/(2-$B$4))*(1-(1-$B$4)^(2*27))) -> 0.99999708 | AA37: =-Z37 -> -0.99999708
A38: ='Yazılım SW Hatası'!A29 -> 46077 | B38: ='Yazılım SW Hatası'!B29 -> 5 | C38: ='Yazılım SW Hatası'!C29 -> 0 | D38: =C38/B38 -> 0 | E38: =SQRT('Yazılım SW Hatası'!$D$148*(1-'Yazılım SW Hatası'!$D$148)/B38) -> 0.031725649 | F38: =(D38-'Yazılım SW Hatası'!$D$148)/E38 -> -0.15943469 | G38: =MAX(0,F38-$B$2+G37) -> 0 | H38: =MAX(0,-F38-$B$2+H37) -> 0 | I38: =$B$3 -> 5 | J38: =-$B$3 -> -5 | K38: =$B$4*F38+(1-$B$4)*K37 -> -0.15348479 | L38: =$B$5*SQRT(($B$4/(2-$B$4))*(1-(1-$B$4)^(2*28))) -> 0.99999813 | M38: =-L38 -> -0.99999813 | O38: ='Elektronik- Fonksiyon Hatası '!A29 -> 46077 | P38: ='Elektronik- Fonksiyon Hatası '!B29 -> 5 | Q38: ='Elektronik- Fonksiyon Hatası '!C29 -> 0 | R38: =Q38/P38 -> 0 | S38: =SQRT('Elektronik- Fonksiyon Hatası '!$D$148*(1-'Elektronik- Fonksiyon Hatası '!$D$148)/P38) -> 0.033931509 | T38: =(R38-'Elektronik- Fonksiyon Hatası '!$D$148)/S38 -> -0.17064563 | U38: =MAX(0,T38-$B$2+U37) -> 0 | V38: =MAX(0,-T38-$B$2+V37) -> 0 | W38: =$B$3 -> 5 | X38: =-$B$3 -> -5 | Y38: =$B$4*T38+(1-$B$4)*Y37 -> -0.22318751 | Z38: =$B$5*SQRT(($B$4/(2-$B$4))*(1-(1-$B$4)^(2*28))) -> 0.99999813 | AA38: =-Z38 -> -0.99999813
A39: ='Yazılım SW Hatası'!A30 -> 46078 | B39: ='Yazılım SW Hatası'!B30 -> 3 | C39: ='Yazılım SW Hatası'!C30 -> 0 | D39: =C39/B39 -> 0 | E39: =SQRT('Yazılım SW Hatası'!$D$148*(1-'Yazılım SW Hatası'!$D$148)/B39) -> 0.040957636 | F39: =(D39-'Yazılım SW Hatası'!$D$148)/E39 -> -0.12349758 | G39: =MAX(0,F39-$B$2+G38) -> 0 | H39: =MAX(0,-F39-$B$2+H38) -> 0 | I39: =$B$3 -> 5 | J39: =-$B$3 -> -5 | K39: =$B$4*F39+(1-$B$4)*K38 -> -0.14748735 | L39: =$B$5*SQRT(($B$4/(2-$B$4))*(1-(1-$B$4)^(2*29))) -> 0.9999988 | M39: =-L39 -> -0.9999988 | O39: ='Elektronik- Fonksiyon Hatası '!A30 -> 46078 | P39: ='Elektronik- Fonksiyon Hatası '!B30 -> 3 | Q39: ='Elektronik- Fonksiyon Hatası '!C30 -> 0 | R39: =Q39/P39 -> 0 | S39: =SQRT('Elektronik- Fonksiyon Hatası '!$D$148*(1-'Elektronik- Fonksiyon Hatası '!$D$148)/P39) -> 0.04380539 | T39: =(R39-'Elektronik- Fonksiyon Hatası '!$D$148)/S39 -> -0.13218154 | U39: =MAX(0,T39-$B$2+U38) -> 0 | V39: =MAX(0,-T39-$B$2+V38) -> 0 | W39: =$B$3 -> 5 | X39: =-$B$3 -> -5 | Y39: =$B$4*T39+(1-$B$4)*Y38 -> -0.20498632 | Z39: =$B$5*SQRT(($B$4/(2-$B$4))*(1-(1-$B$4)^(2*29))) -> 0.9999988 | AA39: =-Z39 -> -0.9999988
A40: ='Yazılım SW Hatası'!A31 -> 46079 | B40: ='Yazılım SW Hatası'!B31 -> 2 | C40: ='Yazılım SW Hatası'!C31 -> 0 | D40: =C40/B40 -> 0 | E40: =SQRT('Yazılım SW Hatası'!$D$148*(1-'Yazılım SW Hatası'!$D$148)/B40) -> 0.050162655 | F40: =(D40-'Yazılım SW Hatası'!$D$148)/E40 -> -0.10083535 | G40: =MAX(0,F40-$B$2+G39) -> 0 | H40: =MAX(0,-F40-$B$2+H39) -> 0 | I40: =$B$3 -> 5 | J40: =-$B$3 -> -5 | K40: =$B$4*F40+(1-$B$4)*K39 -> -0.13815695 | L40: =$B$5*SQRT(($B$4/(2-$B$4))*(1-(1-$B$4)^(2*30))) -> 0.99999923 | M40: =-L40 -> -0.99999923 | O40: ='Elektronik- Fonksiyon Hatası '!A31 -> 46079 | P40: ='Elektronik- Fonksiyon Hatası '!B31 -> 2 | Q40: ='Elektronik- Fonksiyon Hatası '!C31 -> 0 | R40: =Q40/P40 -> 0 | S40: =SQRT('Elektronik- Fonksiyon Hatası '!$D$148*(1-'Elektronik- Fonksiyon Hatası '!$D$148)/P40) -> 0.053650427 | T40: =(R40-'Elektronik- Fonksiyon Hatası '!$D$148)/S40 -> -0.10792577 | U40: =MAX(0,T40-$B$2+U39) -> 0 | V40: =MAX(0,-T40-$B$2+V39) -> 0 | W40: =$B$3 -> 5 | X40: =-$B$3 -> -5 | Y40: =$B$4*T40+(1-$B$4)*Y39 -> -0.18557421 | Z40: =$B$5*SQRT(($B$4/(2-$B$4))*(1-(1-$B$4)^(2*30))) -> 0.99999923 | AA40: =-Z40 -> -0.99999923
A41: ='Yazılım SW Hatası'!A32 -> 46081 | B41: ='Yazılım SW Hatası'!B32 -> 28 | C41: ='Yazılım SW Hatası'!C32 -> 0 | D41: =C41/B41 -> 0 | E41: =SQRT('Yazılım SW Hatası'!$D$148*(1-'Yazılım SW Hatası'!$D$148)/B41) -> 0.013406533 | F41: =(D41-'Yazılım SW Hatası'!$D$148)/E41 -> -0.37729134 | G41: =MAX(0,F41-$B$2+G40) -> 0 | H41: =MAX(0,-F41-$B$2+H40) -> 0 | I41: =$B$3 -> 5 | J41: =-$B$3 -> -5 | K41: =$B$4*F41+(1-$B$4)*K40 -> -0.18598383 | L41: =$B$5*SQRT(($B$4/(2-$B$4))*(1-(1-$B$4)^(2*31))) -> 0.99999951 | M41: =-L41 -> -0.99999951 | O41: ='Elektronik- Fonksiyon Hatası '!A32 -> 46081 | P41: ='Elektronik- Fonksiyon Hatası '!B32 -> 28 | Q41: ='Elektronik- Fonksiyon Hatası '!C32 -> 0 | R41: =Q41/P41 -> 0 | S41: =SQRT('Elektronik- Fonksiyon Hatası '!$D$148*(1-'Elektronik- Fonksiyon Hatası '!$D$148)/P41) -> 0.01433868 | T41: =(R41-'Elektronik- Fonksiyon Hatası '!$D$148)/S41 -> -0.40382126 | U41: =MAX(0,T41-$B$2+U40) -> 0 | V41: =MAX(0,-T41-$B$2+V40) -> 0 | W41: =$B$3 -> 5 | X41: =-$B$3 -> -5 | Y41: =$B$4*T41+(1-$B$4)*Y40 -> -0.22922362 | Z41: =$B$5*SQRT(($B$4/(2-$B$4))*(1-(1-$B$4)^(2*31))) -> 0.99999951 | AA41: =-Z41 -> -0.99999951
A42: ='Yazılım SW Hatası'!A33 -> 46083 | B42: ='Yazılım SW Hatası'!B33 -> 2 | C42: ='Yazılım SW Hatası'!C33 -> 0 | D42: =C42/B42 -> 0 | E42: =SQRT('Yazılım SW Hatası'!$D$148*(1-'Yazılım SW Hatası'!$D$148)/B42) -> 0.050162655 | F42: =(D42-'Yazılım SW Hatası'!$D$148)/E42 -> -0.10083535 | G42: =MAX(0,F42-$B$2+G41) -> 0 | H42: =MAX(0,-F42-$B$2+H41) -> 0 | I42: =$B$3 -> 5 | J42: =-$B$3 -> -5 | K42: =$B$4*F42+(1-$B$4)*K41 -> -0.16895413 | L42: =$B$5*SQRT(($B$4/(2-$B$4))*(1-(1-$B$4)^(2*32))) -> 0.99999969 | M42: =-L42 -> -0.99999969 | O42: ='Elektronik- Fonksiyon Hatası '!A33 -> 46083 | P42: ='Elektronik- Fonksiyon Hatası '!B33 -> 30 | Q42: ='Elektronik- Fonksiyon Hatası '!C33 -> 1 | R42: =Q42/P42 -> 0.033333333 | S42: =SQRT('Elektronik- Fonksiyon Hatası '!$D$148*(1-'Elektronik- Fonksiyon Hatası '!$D$148)/P42) -> 0.013852481 | T42: =(R42-'Elektronik- Fonksiyon Hatası '!$D$148)/S42 -> 1.9883132 | U42: =MAX(0,T42-$B$2+U41) -> 1.4883132 | V42: =MAX(0,-T42-$B$2+V41) -> 0 | W42: =$B$3 -> 5 | X42: =-$B$3 -> -5 | Y42: =$B$4*T42+(1-$B$4)*Y41 -> 0.21428373 | Z42: =$B$5*SQRT(($B$4/(2-$B$4))*(1-(1-$B$4)^(2*32))) -> 0.99999969 | AA42: =-Z42 -> -0.99999969
A43: ='Yazılım SW Hatası'!A34 -> 46084 | B43: ='Yazılım SW Hatası'!B34 -> 133 | C43: ='Yazılım SW Hatası'!C34 -> 1 | D43: =C43/B43 -> 0.007518797 | E43: =SQRT('Yazılım SW Hatası'!$D$148*(1-'Yazılım SW Hatası'!$D$148)/B43) -> 0.0061513394 | F43: =(D43-'Yazılım SW Hatası'!$D$148)/E43 -> 0.400015 | G43: =MAX(0,F43-$B$2+G42) -> 0 | H43: =MAX(0,-F43-$B$2+H42) -> 0 | I43: =$B$3 -> 5 | J43: =-$B$3 -> -5 | K43: =$B$4*F43+(1-$B$4)*K42 -> -0.055160305 | L43: =$B$5*SQRT(($B$4/(2-$B$4))*(1-(1-$B$4)^(2*33))) -> 0.9999998 | M43: =-L43 -> -0.9999998 | O43: ='Elektronik- Fonksiyon Hatası '!A34 -> 46084 | P43: ='Elektronik- Fonksiyon Hatası '!B34 -> 197 | Q43: ='Elektronik- Fonksiyon Hatası '!C34 -> 4 | R43: =Q43/P43 -> 0.020304569 | S43: =SQRT('Elektronik- Fonksiyon Hatası '!$D$148*(1-'Elektronik- Fonksiyon Hatası '!$D$148)/P43) -> 0.0054057389 | T43: =(R43-'Elektronik- Fonksiyon Hatası '!$D$148)/S43 -> 2.6849807 | U43: =MAX(0,T43-$B$2+U42) -> 3.6732939 | V43: =MAX(0,-T43-$B$2+V42) -> 0 | W43: =$B$3 -> 5 | X43: =-$B$3 -> -5 | Y43: =$B$4*T43+(1-$B$4)*Y42 -> 0.70842313 | Z43: =$B$5*SQRT(($B$4/(2-$B$4))*(1-(1-$B$4)^(2*33))) -> 0.9999998 | AA43: =-Z43 -> -0.9999998
A44: ='Yazılım SW Hatası'!A35 -> 46086 | B44: ='Yazılım SW Hatası'!B35 -> 5 | C44: ='Yazılım SW Hatası'!C35 -> 0 | D44: =C44/B44 -> 0 | E44: =SQRT('Yazılım SW Hatası'!$D$148*(1-'Yazılım SW Hatası'!$D$148)/B44) -> 0.031725649 | F44: =(D44-'Yazılım SW Hatası'!$D$148)/E44 -> -0.15943469 | G44: =MAX(0,F44-$B$2+G43) -> 0 | H44: =MAX(0,-F44-$B$2+H43) -> 0 | I44: =$B$3 -> 5 | J44: =-$B$3 -> -5 | K44: =$B$4*F44+(1-$B$4)*K43 -> -0.076015182 | L44: =$B$5*SQRT(($B$4/(2-$B$4))*(1-(1-$B$4)^(2*34))) -> 0.99999987 | M44: =-L44 -> -0.99999987 | O44: ='Elektronik- Fonksiyon Hatası '!A35 -> 46086 | P44: ='Elektronik- Fonksiyon Hatası '!B35 -> 5 | Q44: ='Elektronik- Fonksiyon Hatası '!C35 -> 0 | R44: =Q44/P44 -> 0 | S44: =SQRT('Elektronik- Fonksiyon Hatası '!$D$148*(1-'Elektronik- Fonksiyon Hatası '!$D$148)/P44) -> 0.033931509 | T44: =(R44-'Elektronik- Fonksiyon Hatası '!$D$148)/S44 -> -0.17064563 | U44: =MAX(0,T44-$B$2+U43) -> 3.0026482 | V44: =MAX(0,-T44-$B$2+V43) -> 0 | W44: =$B$3 -> 5 | X44: =-$B$3 -> -5 | Y44: =$B$4*T44+(1-$B$4)*Y43 -> 0.53260938 | Z44: =$B$5*SQRT(($B$4/(2-$B$4))*(1-(1-$B$4)^(2*34))) -> 0.99999987 | AA44: =-Z44 -> -0.99999987
A45: ='Yazılım SW Hatası'!A36 -> 46087 | B45: ='Yazılım SW Hatası'!B36 -> 2 | C45: ='Yazılım SW Hatası'!C36 -> 0 | D45: =C45/B45 -> 0 | E45: =SQRT('Yazılım SW Hatası'!$D$148*(1-'Yazılım SW Hatası'!$D$148)/B45) -> 0.050162655 | F45: =(D45-'Yazılım SW Hatası'!$D$148)/E45 -> -0.10083535 | G45: =MAX(0,F45-$B$2+G44) -> 0 | H45: =MAX(0,-F45-$B$2+H44) -> 0 | I45: =$B$3 -> 5 | J45: =-$B$3 -> -5 | K45: =$B$4*F45+(1-$B$4)*K44 -> -0.080979216 | L45: =$B$5*SQRT(($B$4/(2-$B$4))*(1-(1-$B$4)^(2*35))) -> 0.99999992 | M45: =-L45 -> -0.99999992 | O45: ='Elektronik- Fonksiyon Hatası '!A36 -> 46087 | P45: ='Elektronik- Fonksiyon Hatası '!B36 -> 2 | Q45: ='Elektronik- Fonksiyon Hatası '!C36 -> 0 | R45: =Q45/P45 -> 0 | S45: =SQRT('Elektronik- Fonksiyon Hatası '!$D$148*(1-'Elektronik- Fonksiyon Hatası '!$D$148)/P45) -> 0.053650427 | T45: =(R45-'Elektronik- Fonksiyon Hatası '!$D$148)/S45 -> -0.10792577 | U45: =MAX(0,T45-$B$2+U44) -> 2.3947225 | V45: =MAX(0,-T45-$B$2+V44) -> 0 | W45: =$B$3 -> 5 | X45: =-$B$3 -> -5 | Y45: =$B$4*T45+(1-$B$4)*Y44 -> 0.40450235 | Z45: =$B$5*SQRT(($B$4/(2-$B$4))*(1-(1-$B$4)^(2*35))) -> 0.99999992 | AA45: =-Z45 -> -0.99999992
A46: ='Yazılım SW Hatası'!A37 -> 46090 | B46: ='Yazılım SW Hatası'!B37 -> 2 | C46: ='Yazılım SW Hatası'!C37 -> 0 | D46: =C46/B46 -> 0 | E46: =SQRT('Yazılım SW Hatası'!$D$148*(1-'Yazılım SW Hatası'!$D$148)/B46) -> 0.050162655 | F46: =(D46-'Yazılım SW Hatası'!$D$148)/E46 -> -0.10083535 | G46: =MAX(0,F46-$B$2+G45) -> 0 | H46: =MAX(0,-F46-$B$2+H45) -> 0 | I46: =$B$3 -> 5 | J46: =-$B$3 -> -5 | K46: =$B$4*F46+(1-$B$4)*K45 -> -0.084950443 | L46: =$B$5*SQRT(($B$4/(2-$B$4))*(1-(1-$B$4)^(2*36))) -> 0.99999995 | M46: =-L46 -> -0.99999995 | O46: ='Elektronik- Fonksiyon Hatası '!A37 -> 46090 | P46: ='Elektronik- Fonksiyon Hatası '!B37 -> 2 | Q46: ='Elektronik- Fonksiyon Hatası '!C37 -> 0 | R46: =Q46/P46 -> 0 | S46: =SQRT('Elektronik- Fonksiyon Hatası '!$D$148*(1-'Elektronik- Fonksiyon Hatası '!$D$148)/P46) -> 0.053650427 | T46: =(R46-'Elektronik- Fonksiyon Hatası '!$D$148)/S46 -> -0.10792577 | U46: =MAX(0,T46-$B$2+U45) -> 1.7867967 | V46: =MAX(0,-T46-$B$2+V45) -> 0 | W46: =$B$3 -> 5 | X46: =-$B$3 -> -5 | Y46: =$B$4*T46+(1-$B$4)*Y45 -> 0.30201672 | Z46: =$B$5*SQRT(($B$4/(2-$B$4))*(1-(1-$B$4)^(2*36))) -> 0.99999995 | AA46: =-Z46 -> -0.99999995
A47: ='Yazılım SW Hatası'!A38 -> 46091 | B47: ='Yazılım SW Hatası'!B38 -> 2 | C47: ='Yazılım SW Hatası'!C38 -> 0 | D47: =C47/B47 -> 0 | E47: =SQRT('Yazılım SW Hatası'!$D$148*(1-'Yazılım SW Hatası'!$D$148)/B47) -> 0.050162655 | F47: =(D47-'Yazılım SW Hatası'!$D$148)/E47 -> -0.10083535 | G47: =MAX(0,F47-$B$2+G46) -> 0 | H47: =MAX(0,-F47-$B$2+H46) -> 0 | I47: =$B$3 -> 5 | J47: =-$B$3 -> -5 | K47: =$B$4*F47+(1-$B$4)*K46 -> -0.088127425 | L47: =$B$5*SQRT(($B$4/(2-$B$4))*(1-(1-$B$4)^(2*37))) -> 0.99999997 | M47: =-L47 -> -0.99999997 | O47: ='Elektronik- Fonksiyon Hatası '!A38 -> 46091 | P47: ='Elektronik- Fonksiyon Hatası '!B38 -> 2 | Q47: ='Elektronik- Fonksiyon Hatası '!C38 -> 0 | R47: =Q47/P47 -> 0 | S47: =SQRT('Elektronik- Fonksiyon Hatası '!$D$148*(1-'Elektronik- Fonksiyon Hatası '!$D$148)/P47) -> 0.053650427 | T47: =(R47-'Elektronik- Fonksiyon Hatası '!$D$148)/S47 -> -0.10792577 | U47: =MAX(0,T47-$B$2+U46) -> 1.1788709 | V47: =MAX(0,-T47-$B$2+V46) -> 0 | W47: =$B$3 -> 5 | X47: =-$B$3 -> -5 | Y47: =$B$4*T47+(1-$B$4)*Y46 -> 0.22002822 | Z47: =$B$5*SQRT(($B$4/(2-$B$4))*(1-(1-$B$4)^(2*37))) -> 0.99999997 | AA47: =-Z47 -> -0.99999997
A48: ='Yazılım SW Hatası'!A39 -> 46092 | B48: ='Yazılım SW Hatası'!B39 -> 9 | C48: ='Yazılım SW Hatası'!C39 -> 0 | D48: =C48/B48 -> 0 | E48: =SQRT('Yazılım SW Hatası'!$D$148*(1-'Yazılım SW Hatası'!$D$148)/B48) -> 0.023646902 | F48: =(D48-'Yazılım SW Hatası'!$D$148)/E48 -> -0.21390408 | G48: =MAX(0,F48-$B$2+G47) -> 0 | H48: =MAX(0,-F48-$B$2+H47) -> 0 | I48: =$B$3 -> 5 | J48: =-$B$3 -> -5 | K48: =$B$4*F48+(1-$B$4)*K47 -> -0.11328276 | L48: =$B$5*SQRT(($B$4/(2-$B$4))*(1-(1-$B$4)^(2*38))) -> 0.99999998 | M48: =-L48 -> -0.99999998 | O48: ='Elektronik- Fonksiyon Hatası '!A39 -> 46092 | P48: ='Elektronik- Fonksiyon Hatası '!B39 -> 70 | Q48: ='Elektronik- Fonksiyon Hatası '!C39 -> 2 | R48: =Q48/P48 -> 0.028571429 | S48: =SQRT('Elektronik- Fonksiyon Hatası '!$D$148*(1-'Elektronik- Fonksiyon Hatası '!$D$148)/P48) -> 0.0090685773 | T48: =(R48-'Elektronik- Fonksiyon Hatası '!$D$148)/S48 -> 2.5120991 | U48: =MAX(0,T48-$B$2+U47) -> 3.19097 | V48: =MAX(0,-T48-$B$2+V47) -> 0 | W48: =$B$3 -> 5 | X48: =-$B$3 -> -5 | Y48: =$B$4*T48+(1-$B$4)*Y47 -> 0.6784424 | Z48: =$B$5*SQRT(($B$4/(2-$B$4))*(1-(1-$B$4)^(2*38))) -> 0.99999998 | AA48: =-Z48 -> -0.99999998
A49: ='Yazılım SW Hatası'!A40 -> 46093 | B49: ='Yazılım SW Hatası'!B40 -> 23 | C49: ='Yazılım SW Hatası'!C40 -> 0 | D49: =C49/B49 -> 0 | E49: =SQRT('Yazılım SW Hatası'!$D$148*(1-'Yazılım SW Hatası'!$D$148)/B49) -> 0.01479216 | F49: =(D49-'Yazılım SW Hatası'!$D$148)/E49 -> -0.34194931 | G49: =MAX(0,F49-$B$2+G48) -> 0 | H49: =MAX(0,-F49-$B$2+H48) -> 0 | I49: =$B$3 -> 5 | J49: =-$B$3 -> -5 | K49: =$B$4*F49+(1-$B$4)*K48 -> -0.15901607 | L49: =$B$5*SQRT(($B$4/(2-$B$4))*(1-(1-$B$4)^(2*39))) -> 0.99999999 | M49: =-L49 -> -0.99999999 | O49: ='Elektronik- Fonksiyon Hatası '!A40 -> 46093 | P49: ='Elektronik- Fonksiyon Hatası '!B40 -> 23 | Q49: ='Elektronik- Fonksiyon Hatası '!C40 -> 0 | R49: =Q49/P49 -> 0 | S49: =SQRT('Elektronik- Fonksiyon Hatası '!$D$148*(1-'Elektronik- Fonksiyon Hatası '!$D$148)/P49) -> 0.015820648 | T49: =(R49-'Elektronik- Fonksiyon Hatası '!$D$148)/S49 -> -0.3659941 | U49: =MAX(0,T49-$B$2+U48) -> 2.3249759 | V49: =MAX(0,-T49-$B$2+V48) -> 0 | W49: =$B$3 -> 5 | X49: =-$B$3 -> -5 | Y49: =$B$4*T49+(1-$B$4)*Y48 -> 0.4695551 | Z49: =$B$5*SQRT(($B$4/(2-$B$4))*(1-(1-$B$4)^(2*39))) -> 0.99999999 | AA49: =-Z49 -> -0.99999999
A50: ='Yazılım SW Hatası'!A41 -> 46094 | B50: ='Yazılım SW Hatası'!B41 -> 1 | C50: ='Yazılım SW Hatası'!C41 -> 0 | D50: =C50/B50 -> 0 | E50: =SQRT('Yazılım SW Hatası'!$D$148*(1-'Yazılım SW Hatası'!$D$148)/B50) -> 0.070940707 | F50: =(D50-'Yazılım SW Hatası'!$D$148)/E50 -> -0.071301361 | G50: =MAX(0,F50-$B$2+G49) -> 0 | H50: =MAX(0,-F50-$B$2+H49) -> 0 | I50: =$B$3 -> 5 | J50: =-$B$3 -> -5 | K50: =$B$4*F50+(1-$B$4)*K49 -> -0.14147313 | L50: =$B$5*SQRT(($B$4/(2-$B$4))*(1-(1-$B$4)^(2*40))) -> 0.99999999 | M50: =-L50 -> -0.99999999 | O50: ='Elektronik- Fonksiyon Hatası '!A41 -> 46094 | P50: ='Elektronik- Fonksiyon Hatası '!B41 -> 1 | Q50: ='Elektronik- Fonksiyon Hatası '!C41 -> 0 | R50: =Q50/P50 -> 0 | S50: =SQRT('Elektronik- Fonksiyon Hatası '!$D$148*(1-'Elektronik- Fonksiyon Hatası '!$D$148)/P50) -> 0.075873161 | T50: =(R50-'Elektronik- Fonksiyon Hatası '!$D$148)/S50 -> -0.076315046 | U50: =MAX(0,T50-$B$2+U49) -> 1.7486609 | V50: =MAX(0,-T50-$B$2+V49) -> 0 | W50: =$B$3 -> 5 | X50: =-$B$3 -> -5 | Y50: =$B$4*T50+(1-$B$4)*Y49 -> 0.36038107 | Z50: =$B$5*SQRT(($B$4/(2-$B$4))*(1-(1-$B$4)^(2*40))) -> 0.99999999 | AA50: =-Z50 -> -0.99999999
A51: ='Yazılım SW Hatası'!A42 -> 46096 | B51: ='Yazılım SW Hatası'!B42 -> 1 | C51: ='Yazılım SW Hatası'!C42 -> 0 | D51: =C51/B51 -> 0 | E51: =SQRT('Yazılım SW Hatası'!$D$148*(1-'Yazılım SW Hatası'!$D$148)/B51) -> 0.070940707 | F51: =(D51-'Yazılım SW Hatası'!$D$148)/E51 -> -0.071301361 | G51: =MAX(0,F51-$B$2+G50) -> 0 | H51: =MAX(0,-F51-$B$2+H50) -> 0 | I51: =$B$3 -> 5 | J51: =-$B$3 -> -5 | K51: =$B$4*F51+(1-$B$4)*K50 -> -0.12743877 | L51: =$B$5*SQRT(($B$4/(2-$B$4))*(1-(1-$B$4)^(2*41))) -> 0.99999999 | M51: =-L51 -> -0.99999999 | O51: ='Elektronik- Fonksiyon Hatası '!A42 -> 46096 | P51: ='Elektronik- Fonksiyon Hatası '!B42 -> 1 | Q51: ='Elektronik- Fonksiyon Hatası '!C42 -> 0 | R51: =Q51/P51 -> 0 | S51: =SQRT('Elektronik- Fonksiyon Hatası '!$D$148*(1-'Elektronik- Fonksiyon Hatası '!$D$148)/P51) -> 0.075873161 | T51: =(R51-'Elektronik- Fonksiyon Hatası '!$D$148)/S51 -> -0.076315046 | U51: =MAX(0,T51-$B$2+U50) -> 1.1723458 | V51: =MAX(0,-T51-$B$2+V50) -> 0 | W51: =$B$3 -> 5 | X51: =-$B$3 -> -5 | Y51: =$B$4*T51+(1-$B$4)*Y50 -> 0.27304185 | Z51: =$B$5*SQRT(($B$4/(2-$B$4))*(1-(1-$B$4)^(2*41))) -> 0.99999999 | AA51: =-Z51 -> -0.99999999
A52: ='Yazılım SW Hatası'!A43 -> 46097 | B52: ='Yazılım SW Hatası'!B43 -> 33 | C52: ='Yazılım SW Hatası'!C43 -> 0 | D52: =C52/B52 -> 0 | E52: =SQRT('Yazılım SW Hatası'!$D$148*(1-'Yazılım SW Hatası'!$D$148)/B52) -> 0.012349192 | F52: =(D52-'Yazılım SW Hatası'!$D$148)/E52 -> -0.40959514 | G52: =MAX(0,F52-$B$2+G51) -> 0 | H52: =MAX(0,-F52-$B$2+H51) -> 0 | I52: =$B$3 -> 5 | J52: =-$B$3 -> -5 | K52: =$B$4*F52+(1-$B$4)*K51 -> -0.18387005 | L52: =$B$5*SQRT(($B$4/(2-$B$4))*(1-(1-$B$4)^(2*42))) -> 1 | M52: =-L52 -> -1 | O52: ='Elektronik- Fonksiyon Hatası '!A43 -> 46097 | P52: ='Elektronik- Fonksiyon Hatası '!B43 -> 33 | Q52: ='Elektronik- Fonksiyon Hatası '!C43 -> 0 | R52: =Q52/P52 -> 0 | S52: =SQRT('Elektronik- Fonksiyon Hatası '!$D$148*(1-'Elektronik- Fonksiyon Hatası '!$D$148)/P52) -> 0.013207822 | T52: =(R52-'Elektronik- Fonksiyon Hatası '!$D$148)/S52 -> -0.43839656 | U52: =MAX(0,T52-$B$2+U51) -> 0.23394925 | V52: =MAX(0,-T52-$B$2+V51) -> 0 | W52: =$B$3 -> 5 | X52: =-$B$3 -> -5 | Y52: =$B$4*T52+(1-$B$4)*Y51 -> 0.13075416 | Z52: =$B$5*SQRT(($B$4/(2-$B$4))*(1-(1-$B$4)^(2*42))) -> 1 | AA52: =-Z52 -> -1
A53: ='Yazılım SW Hatası'!A44 -> 46098 | B53: ='Yazılım SW Hatası'!B44 -> 17 | C53: ='Yazılım SW Hatası'!C44 -> 0 | D53: =C53/B53 -> 0 | E53: =SQRT('Yazılım SW Hatası'!$D$148*(1-'Yazılım SW Hatası'!$D$148)/B53) -> 0.017205649 | F53: =(D53-'Yazılım SW Hatası'!$D$148)/E53 -> -0.29398304 | G53: =MAX(0,F53-$B$2+G52) -> 0 | H53: =MAX(0,-F53-$B$2+H52) -> 0 | I53: =$B$3 -> 5 | J53: =-$B$3 -> -5 | K53: =$B$4*F53+(1-$B$4)*K52 -> -0.20589265 | L53: =$B$5*SQRT(($B$4/(2-$B$4))*(1-(1-$B$4)^(2*43))) -> 1 | M53: =-L53 -> -1 | O53: ='Elektronik- Fonksiyon Hatası '!A44 -> 46098 | P53: ='Elektronik- Fonksiyon Hatası '!B44 -> 17 | Q53: ='Elektronik- Fonksiyon Hatası '!C44 -> 0 | R53: =Q53/P53 -> 0 | S53: =SQRT('Elektronik- Fonksiyon Hatası '!$D$148*(1-'Elektronik- Fonksiyon Hatası '!$D$148)/P53) -> 0.018401945 | T53: =(R53-'Elektronik- Fonksiyon Hatası '!$D$148)/S53 -> -0.31465499 | U53: =MAX(0,T53-$B$2+U52) -> 0 | V53: =MAX(0,-T53-$B$2+V52) -> 0 | W53: =$B$3 -> 5 | X53: =-$B$3 -> -5 | Y53: =$B$4*T53+(1-$B$4)*Y52 -> 0.041672333 | Z53: =$B$5*SQRT(($B$4/(2-$B$4))*(1-(1-$B$4)^(2*43))) -> 1 | AA53: =-Z53 -> -1
A54: ='Yazılım SW Hatası'!A45 -> 46099 | B54: ='Yazılım SW Hatası'!B45 -> 30 | C54: ='Yazılım SW Hatası'!C45 -> 0 | D54: =C54/B54 -> 0 | E54: =SQRT('Yazılım SW Hatası'!$D$148*(1-'Yazılım SW Hatası'!$D$148)/B54) -> 0.012951942 | F54: =(D54-'Yazılım SW Hatası'!$D$148)/E54 -> -0.39053364 | G54: =MAX(0,F54-$B$2+G53) -> 0 | H54: =MAX(0,-F54-$B$2+H53) -> 0 | I54: =$B$3 -> 5 | J54: =-$B$3 -> -5 | K54: =$B$4*F54+(1-$B$4)*K53 -> -0.24282084 | L54: =$B$5*SQRT(($B$4/(2-$B$4))*(1-(1-$B$4)^(2*44))) -> 1 | M54: =-L54 -> -1 | O54: ='Elektronik- Fonksiyon Hatası '!A45 -> 46099 | P54: ='Elektronik- Fonksiyon Hatası '!B45 -> 30 | Q54: ='Elektronik- Fonksiyon Hatası '!C45 -> 0 | R54: =Q54/P54 -> 0 | S54: =SQRT('Elektronik- Fonksiyon Hatası '!$D$148*(1-'Elektronik- Fonksiyon Hatası '!$D$148)/P54) -> 0.013852481 | T54: =(R54-'Elektronik- Fonksiyon Hatası '!$D$148)/S54 -> -0.41799472 | U54: =MAX(0,T54-$B$2+U53) -> 0 | V54: =MAX(0,-T54-$B$2+V53) -> 0 | W54: =$B$3 -> 5 | X54: =-$B$3 -> -5 | Y54: =$B$4*T54+(1-$B$4)*Y53 -> -0.050261078 | Z54: =$B$5*SQRT(($B$4/(2-$B$4))*(1-(1-$B$4)^(2*44))) -> 1 | AA54: =-Z54 -> -1
A55: ='Yazılım SW Hatası'!A46 -> 46101 | B55: ='Yazılım SW Hatası'!B46 -> 1 | C55: ='Yazılım SW Hatası'!C46 -> 0 | D55: =C55/B55 -> 0 | E55: =SQRT('Yazılım SW Hatası'!$D$148*(1-'Yazılım SW Hatası'!$D$148)/B55) -> 0.070940707 | F55: =(D55-'Yazılım SW Hatası'!$D$148)/E55 -> -0.071301361 | G55: =MAX(0,F55-$B$2+G54) -> 0 | H55: =MAX(0,-F55-$B$2+H54) -> 0 | I55: =$B$3 -> 5 | J55: =-$B$3 -> -5 | K55: =$B$4*F55+(1-$B$4)*K54 -> -0.20851695 | L55: =$B$5*SQRT(($B$4/(2-$B$4))*(1-(1-$B$4)^(2*45))) -> 1 | M55: =-L55 -> -1 | O55: ='Elektronik- Fonksiyon Hatası '!A46 -> 46101 | P55: ='Elektronik- Fonksiyon Hatası '!B46 -> 1 | Q55: ='Elektronik- Fonksiyon Hatası '!C46 -> 0 | R55: =Q55/P55 -> 0 | S55: =SQRT('Elektronik- Fonksiyon Hatası '!$D$148*(1-'Elektronik- Fonksiyon Hatası '!$D$148)/P55) -> 0.075873161 | T55: =(R55-'Elektronik- Fonksiyon Hatası '!$D$148)/S55 -> -0.076315046 | U55: =MAX(0,T55-$B$2+U54) -> 0 | V55: =MAX(0,-T55-$B$2+V54) -> 0 | W55: =$B$3 -> 5 | X55: =-$B$3 -> -5 | Y55: =$B$4*T55+(1-$B$4)*Y54 -> -0.055471871 | Z55: =$B$5*SQRT(($B$4/(2-$B$4))*(1-(1-$B$4)^(2*45))) -> 1 | AA55: =-Z55 -> -1
A56: ='Yazılım SW Hatası'!A47 -> 46105 | B56: ='Yazılım SW Hatası'!B47 -> 100 | C56: ='Yazılım SW Hatası'!C47 -> 1 | D56: =C56/B56 -> 0.01 | E56: =SQRT('Yazılım SW Hatası'!$D$148*(1-'Yazılım SW Hatası'!$D$148)/B56) -> 0.0070940707 | F56: =(D56-'Yazılım SW Hatası'!$D$148)/E56 -> 0.6966143 | G56: =MAX(0,F56-$B$2+G55) -> 0.1966143 | H56: =MAX(0,-F56-$B$2+H55) -> 0 | I56: =$B$3 -> 5 | J56: =-$B$3 -> -5 | K56: =$B$4*F56+(1-$B$4)*K55 -> -0.027490698 | L56: =$B$5*SQRT(($B$4/(2-$B$4))*(1-(1-$B$4)^(2*46))) -> 1 | M56: =-L56 -> -1 | O56: ='Elektronik- Fonksiyon Hatası '!A47 -> 46105 | P56: ='Elektronik- Fonksiyon Hatası '!B47 -> 500 | Q56: ='Elektronik- Fonksiyon Hatası '!C47 -> 7 | R56: =Q56/P56 -> 0.014 | S56: =SQRT('Elektronik- Fonksiyon Hatası '!$D$148*(1-'Elektronik- Fonksiyon Hatası '!$D$148)/P56) -> 0.0033931509 | T56: =(R56-'Elektronik- Fonksiyon Hatası '!$D$148)/S56 -> 2.4195022 | U56: =MAX(0,T56-$B$2+U55) -> 1.9195022 | V56: =MAX(0,-T56-$B$2+V55) -> 0 | W56: =$B$3 -> 5 | X56: =-$B$3 -> -5 | Y56: =$B$4*T56+(1-$B$4)*Y55 -> 0.43952295 | Z56: =$B$5*SQRT(($B$4/(2-$B$4))*(1-(1-$B$4)^(2*46))) -> 1 | AA56: =-Z56 -> -1
A57: ='Yazılım SW Hatası'!A48 -> 46106 | B57: ='Yazılım SW Hatası'!B48 -> 55 | C57: ='Yazılım SW Hatası'!C48 -> 0 | D57: =C57/B57 -> 0 | E57: =SQRT('Yazılım SW Hatası'!$D$148*(1-'Yazılım SW Hatası'!$D$148)/B57) -> 0.0095656429 | F57: =(D57-'Yazılım SW Hatası'!$D$148)/E57 -> -0.52878505 | G57: =MAX(0,F57-$B$2+G56) -> 0 | H57: =MAX(0,-F57-$B$2+H56) -> 0.028785046 | I57: =$B$3 -> 5 | J57: =-$B$3 -> -5 | K57: =$B$4*F57+(1-$B$4)*K56 -> -0.12774957 | L57: =$B$5*SQRT(($B$4/(2-$B$4))*(1-(1-$B$4)^(2*47))) -> 1 | M57: =-L57 -> -1 | O57: ='Elektronik- Fonksiyon Hatası '!A48 -> 46106 | P57: ='Elektronik- Fonksiyon Hatası '!B48 -> 55 | Q57: ='Elektronik- Fonksiyon Hatası '!C48 -> 0 | R57: =Q57/P57 -> 0 | S57: =SQRT('Elektronik- Fonksiyon Hatası '!$D$148*(1-'Elektronik- Fonksiyon Hatası '!$D$148)/P57) -> 0.010230735 | T57: =(R57-'Elektronik- Fonksiyon Hatası '!$D$148)/S57 -> -0.56596753 | U57: =MAX(0,T57-$B$2+U56) -> 0.8535347 | V57: =MAX(0,-T57-$B$2+V56) -> 0.065967526 | W57: =$B$3 -> 5 | X57: =-$B$3 -> -5 | Y57: =$B$4*T57+(1-$B$4)*Y56 -> 0.23842485 | Z57: =$B$5*SQRT(($B$4/(2-$B$4))*(1-(1-$B$4)^(2*47))) -> 1 | AA57: =-Z57 -> -1
A58: ='Yazılım SW Hatası'!A49 -> 46107 | B58: ='Yazılım SW Hatası'!B49 -> 1 | C58: ='Yazılım SW Hatası'!C49 -> 0 | D58: =C58/B58 -> 0 | E58: =SQRT('Yazılım SW Hatası'!$D$148*(1-'Yazılım SW Hatası'!$D$148)/B58) -> 0.070940707 | F58: =(D58-'Yazılım SW Hatası'!$D$148)/E58 -> -0.071301361 | G58: =MAX(0,F58-$B$2+G57) -> 0 | H58: =MAX(0,-F58-$B$2+H57) -> 0 | I58: =$B$3 -> 5 | J58: =-$B$3 -> -5 | K58: =$B$4*F58+(1-$B$4)*K57 -> -0.11645993 | L58: =$B$5*SQRT(($B$4/(2-$B$4))*(1-(1-$B$4)^(2*48))) -> 1 | M58: =-L58 -> -1 | O58: ='Elektronik- Fonksiyon Hatası '!A49 -> 46107 | P58: ='Elektronik- Fonksiyon Hatası '!B49 -> 1 | Q58: ='Elektronik- Fonksiyon Hatası '!C49 -> 0 | R58: =Q58/P58 -> 0 | S58: =SQRT('Elektronik- Fonksiyon Hatası '!$D$148*(1-'Elektronik- Fonksiyon Hatası '!$D$148)/P58) -> 0.075873161 | T58: =(R58-'Elektronik- Fonksiyon Hatası '!$D$148)/S58 -> -0.076315046 | U58: =MAX(0,T58-$B$2+U57) -> 0.27721965 | V58: =MAX(0,-T58-$B$2+V57) -> 0 | W58: =$B$3 -> 5 | X58: =-$B$3 -> -5 | Y58: =$B$4*T58+(1-$B$4)*Y57 -> 0.17547687 | Z58: =$B$5*SQRT(($B$4/(2-$B$4))*(1-(1-$B$4)^(2*48))) -> 1 | AA58: =-Z58 -> -1
A59: ='Yazılım SW Hatası'!A50 -> 46108 | B59: ='Yazılım SW Hatası'!B50 -> 23 | C59: ='Yazılım SW Hatası'!C50 -> 0 | D59: =C59/B59 -> 0 | E59: =SQRT('Yazılım SW Hatası'!$D$148*(1-'Yazılım SW Hatası'!$D$148)/B59) -> 0.01479216 | F59: =(D59-'Yazılım SW Hatası'!$D$148)/E59 -> -0.34194931 | G59: =MAX(0,F59-$B$2+G58) -> 0 | H59: =MAX(0,-F59-$B$2+H58) -> 0 | I59: =$B$3 -> 5 | J59: =-$B$3 -> -5 | K59: =$B$4*F59+(1-$B$4)*K58 -> -0.1615578 | L59: =$B$5*SQRT(($B$4/(2-$B$4))*(1-(1-$B$4)^(2*49))) -> 1 | M59: =-L59 -> -1 | O59: ='Elektronik- Fonksiyon Hatası '!A50 -> 46108 | P59: ='Elektronik- Fonksiyon Hatası '!B50 -> 23 | Q59: ='Elektronik- Fonksiyon Hatası '!C50 -> 0 | R59: =Q59/P59 -> 0 | S59: =SQRT('Elektronik- Fonksiyon Hatası '!$D$148*(1-'Elektronik- Fonksiyon Hatası '!$D$148)/P59) -> 0.015820648 | T59: =(R59-'Elektronik- Fonksiyon Hatası '!$D$148)/S59 -> -0.3659941 | U59: =MAX(0,T59-$B$2+U58) -> 0 | V59: =MAX(0,-T59-$B$2+V58) -> 0 | W59: =$B$3 -> 5 | X59: =-$B$3 -> -5 | Y59: =$B$4*T59+(1-$B$4)*Y58 -> 0.067182678 | Z59: =$B$5*SQRT(($B$4/(2-$B$4))*(1-(1-$B$4)^(2*49))) -> 1 | AA59: =-Z59 -> -1
A60: ='Yazılım SW Hatası'!A51 -> 46111 | B60: ='Yazılım SW Hatası'!B51 -> 2 | C60: ='Yazılım SW Hatası'!C51 -> 0 | D60: =C60/B60 -> 0 | E60: =SQRT('Yazılım SW Hatası'!$D$148*(1-'Yazılım SW Hatası'!$D$148)/B60) -> 0.050162655 | F60: =(D60-'Yazılım SW Hatası'!$D$148)/E60 -> -0.10083535 | G60: =MAX(0,F60-$B$2+G59) -> 0 | H60: =MAX(0,-F60-$B$2+H59) -> 0 | I60: =$B$3 -> 5 | J60: =-$B$3 -> -5 | K60: =$B$4*F60+(1-$B$4)*K59 -> -0.14941331 | L60: =$B$5*SQRT(($B$4/(2-$B$4))*(1-(1-$B$4)^(2*50))) -> 1 | M60: =-L60 -> -1 | O60: ='Elektronik- Fonksiyon Hatası '!A51 -> 46111 | P60: ='Elektronik- Fonksiyon Hatası '!B51 -> 2 | Q60: ='Elektronik- Fonksiyon Hatası '!C51 -> 0 | R60: =Q60/P60 -> 0 | S60: =SQRT('Elektronik- Fonksiyon Hatası '!$D$148*(1-'Elektronik- Fonksiyon Hatası '!$D$148)/P60) -> 0.053650427 | T60: =(R60-'Elektronik- Fonksiyon Hatası '!$D$148)/S60 -> -0.10792577 | U60: =MAX(0,T60-$B$2+U59) -> 0 | V60: =MAX(0,-T60-$B$2+V59) -> 0 | W60: =$B$3 -> 5 | X60: =-$B$3 -> -5 | Y60: =$B$4*T60+(1-$B$4)*Y59 -> 0.032160988 | Z60: =$B$5*SQRT(($B$4/(2-$B$4))*(1-(1-$B$4)^(2*50))) -> 1 | AA60: =-Z60 -> -1
A61: ='Yazılım SW Hatası'!A52 -> 46112 | B61: ='Yazılım SW Hatası'!B52 -> 400 | C61: ='Yazılım SW Hatası'!C52 -> 3 | D61: =C61/B61 -> 0.0075 | E61: =SQRT('Yazılım SW Hatası'!$D$148*(1-'Yazılım SW Hatası'!$D$148)/B61) -> 0.0035470353 | F61: =(D61-'Yazılım SW Hatası'!$D$148)/E61 -> 0.68841464 | G61: =MAX(0,F61-$B$2+G60) -> 0.18841464 | H61: =MAX(0,-F61-$B$2+H60) -> 0 | I61: =$B$3 -> 5 | J61: =-$B$3 -> -5 | K61: =$B$4*F61+(1-$B$4)*K60 -> 0.018152277 | L61: =$B$5*SQRT(($B$4/(2-$B$4))*(1-(1-$B$4)^(2*51))) -> 1 | M61: =-L61 -> -1 | O61: ='Elektronik- Fonksiyon Hatası '!A52 -> 46112 | P61: ='Elektronik- Fonksiyon Hatası '!B52 -> 1 | Q61: ='Elektronik- Fonksiyon Hatası '!C52 -> 0 | R61: =Q61/P61 -> 0 | S61: =SQRT('Elektronik- Fonksiyon Hatası '!$D$148*(1-'Elektronik- Fonksiyon Hatası '!$D$148)/P61) -> 0.075873161 | T61: =(R61-'Elektronik- Fonksiyon Hatası '!$D$148)/S61 -> -0.076315046 | U61: =MAX(0,T61-$B$2+U60) -> 0 | V61: =MAX(0,-T61-$B$2+V60) -> 0 | W61: =$B$3 -> 5 | X61: =-$B$3 -> -5 | Y61: =$B$4*T61+(1-$B$4)*Y60 -> 0.010465781 | Z61: =$B$5*SQRT(($B$4/(2-$B$4))*(1-(1-$B$4)^(2*51))) -> 1 | AA61: =-Z61 -> -1
A62: ='Yazılım SW Hatası'!A53 -> 46113 | B62: ='Yazılım SW Hatası'!B53 -> 2 | C62: ='Yazılım SW Hatası'!C53 -> 0 | D62: =C62/B62 -> 0 | E62: =SQRT('Yazılım SW Hatası'!$D$148*(1-'Yazılım SW Hatası'!$D$148)/B62) -> 0.050162655 | F62: =(D62-'Yazılım SW Hatası'!$D$148)/E62 -> -0.10083535 | G62: =MAX(0,F62-$B$2+G61) -> 0 | H62: =MAX(0,-F62-$B$2+H61) -> 0 | I62: =$B$3 -> 5 | J62: =-$B$3 -> -5 | K62: =$B$4*F62+(1-$B$4)*K61 -> -0.0056452486 | L62: =$B$5*SQRT(($B$4/(2-$B$4))*(1-(1-$B$4)^(2*52))) -> 1 | M62: =-L62 -> -1 | O62: ='Elektronik- Fonksiyon Hatası '!A53 -> 46113 | P62: ='Elektronik- Fonksiyon Hatası '!B53 -> 2 | Q62: ='Elektronik- Fonksiyon Hatası '!C53 -> 0 | R62: =Q62/P62 -> 0 | S62: =SQRT('Elektronik- Fonksiyon Hatası '!$D$148*(1-'Elektronik- Fonksiyon Hatası '!$D$148)/P62) -> 0.053650427 | T62: =(R62-'Elektronik- Fonksiyon Hatası '!$D$148)/S62 -> -0.10792577 | U62: =MAX(0,T62-$B$2+U61) -> 0 | V62: =MAX(0,-T62-$B$2+V61) -> 0 | W62: =$B$3 -> 5 | X62: =-$B$3 -> -5 | Y62: =$B$4*T62+(1-$B$4)*Y61 -> -0.01321253 | Z62: =$B$5*SQRT(($B$4/(2-$B$4))*(1-(1-$B$4)^(2*52))) -> 1 | AA62: =-Z62 -> -1
A63: ='Yazılım SW Hatası'!A54 -> 46115 | B63: ='Yazılım SW Hatası'!B54 -> 8 | C63: ='Yazılım SW Hatası'!C54 -> 0 | D63: =C63/B63 -> 0 | E63: =SQRT('Yazılım SW Hatası'!$D$148*(1-'Yazılım SW Hatası'!$D$148)/B63) -> 0.025081327 | F63: =(D63-'Yazılım SW Hatası'!$D$148)/E63 -> -0.2016707 | G63: =MAX(0,F63-$B$2+G62) -> 0 | H63: =MAX(0,-F63-$B$2+H62) -> 0 | I63: =$B$3 -> 5 | J63: =-$B$3 -> -5 | K63: =$B$4*F63+(1-$B$4)*K62 -> -0.04485034 | L63: =$B$5*SQRT(($B$4/(2-$B$4))*(1-(1-$B$4)^(2*53))) -> 1 | M63: =-L63 -> -1 | O63: ='Elektronik- Fonksiyon Hatası '!A54 -> 46115 | P63: ='Elektronik- Fonksiyon Hatası '!B54 -> 8 | Q63: ='Elektronik- Fonksiyon Hatası '!C54 -> 0 | R63: =Q63/P63 -> 0 | S63: =SQRT('Elektronik- Fonksiyon Hatası '!$D$148*(1-'Elektronik- Fonksiyon Hatası '!$D$148)/P63) -> 0.026825213 | T63: =(R63-'Elektronik- Fonksiyon Hatası '!$D$148)/S63 -> -0.21585155 | U63: =MAX(0,T63-$B$2+U62) -> 0 | V63: =MAX(0,-T63-$B$2+V62) -> 0 | W63: =$B$3 -> 5 | X63: =-$B$3 -> -5 | Y63: =$B$4*T63+(1-$B$4)*Y62 -> -0.053740333 | Z63: =$B$5*SQRT(($B$4/(2-$B$4))*(1-(1-$B$4)^(2*53))) -> 1 | AA63: =-Z63 -> -1
A64: ='Yazılım SW Hatası'!A55 -> 46118 | B64: ='Yazılım SW Hatası'!B55 -> 2 | C64: ='Yazılım SW Hatası'!C55 -> 0 | D64: =C64/B64 -> 0 | E64: =SQRT('Yazılım SW Hatası'!$D$148*(1-'Yazılım SW Hatası'!$D$148)/B64) -> 0.050162655 | F64: =(D64-'Yazılım SW Hatası'!$D$148)/E64 -> -0.10083535 | G64: =MAX(0,F64-$B$2+G63) -> 0 | H64: =MAX(0,-F64-$B$2+H63) -> 0 | I64: =$B$3 -> 5 | J64: =-$B$3 -> -5 | K64: =$B$4*F64+(1-$B$4)*K63 -> -0.056047342 | L64: =$B$5*SQRT(($B$4/(2-$B$4))*(1-(1-$B$4)^(2*54))) -> 1 | M64: =-L64 -> -1 | O64: ='Elektronik- Fonksiyon Hatası '!A55 -> 46118 | P64: ='Elektronik- Fonksiyon Hatası '!B55 -> 2 | Q64: ='Elektronik- Fonksiyon Hatası '!C55 -> 0 | R64: =Q64/P64 -> 0 | S64: =SQRT('Elektronik- Fonksiyon Hatası '!$D$148*(1-'Elektronik- Fonksiyon Hatası '!$D$148)/P64) -> 0.053650427 | T64: =(R64-'Elektronik- Fonksiyon Hatası '!$D$148)/S64 -> -0.10792577 | U64: =MAX(0,T64-$B$2+U63) -> 0 | V64: =MAX(0,-T64-$B$2+V63) -> 0 | W64: =$B$3 -> 5 | X64: =-$B$3 -> -5 | Y64: =$B$4*T64+(1-$B$4)*Y63 -> -0.064577421 | Z64: =$B$5*SQRT(($B$4/(2-$B$4))*(1-(1-$B$4)^(2*54))) -> 1 | AA64: =-Z64 -> -1
A65: ='Yazılım SW Hatası'!A56 -> 46119 | B65: ='Yazılım SW Hatası'!B56 -> 14 | C65: ='Yazılım SW Hatası'!C56 -> 0 | D65: =C65/B65 -> 0 | E65: =SQRT('Yazılım SW Hatası'!$D$148*(1-'Yazılım SW Hatası'!$D$148)/B65) -> 0.018959701 | F65: =(D65-'Yazılım SW Hatası'!$D$148)/E65 -> -0.26678526 | G65: =MAX(0,F65-$B$2+G64) -> 0 | H65: =MAX(0,-F65-$B$2+H64) -> 0 | I65: =$B$3 -> 5 | J65: =-$B$3 -> -5 | K65: =$B$4*F65+(1-$B$4)*K64 -> -0.098194926 | L65: =$B$5*SQRT(($B$4/(2-$B$4))*(1-(1-$B$4)^(2*55))) -> 1 | M65: =-L65 -> -1 | O65: ='Elektronik- Fonksiyon Hatası '!A56 -> 46119 | P65: ='Elektronik- Fonksiyon Hatası '!B56 -> 14 | Q65: ='Elektronik- Fonksiyon Hatası '!C56 -> 0 | R65: =Q65/P65 -> 0 | S65: =SQRT('Elektronik- Fonksiyon Hatası '!$D$148*(1-'Elektronik- Fonksiyon Hatası '!$D$148)/P65) -> 0.020277955 | T65: =(R65-'Elektronik- Fonksiyon Hatası '!$D$148)/S65 -> -0.28554475 | U65: =MAX(0,T65-$B$2+U64) -> 0 | V65: =MAX(0,-T65-$B$2+V64) -> 0 | W65: =$B$3 -> 5 | X65: =-$B$3 -> -5 | Y65: =$B$4*T65+(1-$B$4)*Y64 -> -0.10877089 | Z65: =$B$5*SQRT(($B$4/(2-$B$4))*(1-(1-$B$4)^(2*55))) -> 1 | AA65: =-Z65 -> -1
A66: ='Yazılım SW Hatası'!A57 -> 46120 | B66: ='Yazılım SW Hatası'!B57 -> 8 | C66: ='Yazılım SW Hatası'!C57 -> 0 | D66: =C66/B66 -> 0 | E66: =SQRT('Yazılım SW Hatası'!$D$148*(1-'Yazılım SW Hatası'!$D$148)/B66) -> 0.025081327 | F66: =(D66-'Yazılım SW Hatası'!$D$148)/E66 -> -0.2016707 | G66: =MAX(0,F66-$B$2+G65) -> 0 | H66: =MAX(0,-F66-$B$2+H65) -> 0 | I66: =$B$3 -> 5 | J66: =-$B$3 -> -5 | K66: =$B$4*F66+(1-$B$4)*K65 -> -0.11889008 | L66: =$B$5*SQRT(($B$4/(2-$B$4))*(1-(1-$B$4)^(2*56))) -> 1 | M66: =-L66 -> -1 | O66: ='Elektronik- Fonksiyon Hatası '!A57 -> 46120 | P66: ='Elektronik- Fonksiyon Hatası '!B57 -> 8 | Q66: ='Elektronik- Fonksiyon Hatası '!C57 -> 0 | R66: =Q66/P66 -> 0 | S66: =SQRT('Elektronik- Fonksiyon Hatası '!$D$148*(1-'Elektronik- Fonksiyon Hatası '!$D$148)/P66) -> 0.026825213 | T66: =(R66-'Elektronik- Fonksiyon Hatası '!$D$148)/S66 -> -0.21585155 | U66: =MAX(0,T66-$B$2+U65) -> 0 | V66: =MAX(0,-T66-$B$2+V65) -> 0 | W66: =$B$3 -> 5 | X66: =-$B$3 -> -5 | Y66: =$B$4*T66+(1-$B$4)*Y65 -> -0.13018702 | Z66: =$B$5*SQRT(($B$4/(2-$B$4))*(1-(1-$B$4)^(2*56))) -> 1 | AA66: =-Z66 -> -1
A67: ='Yazılım SW Hatası'!A58 -> 46121 | B67: ='Yazılım SW Hatası'!B58 -> 25 | C67: ='Yazılım SW Hatası'!C58 -> 0 | D67: =C67/B67 -> 0 | E67: =SQRT('Yazılım SW Hatası'!$D$148*(1-'Yazılım SW Hatası'!$D$148)/B67) -> 0.014188141 | F67: =(D67-'Yazılım SW Hatası'!$D$148)/E67 -> -0.35650681 | G67: =MAX(0,F67-$B$2+G66) -> 0 | H67: =MAX(0,-F67-$B$2+H66) -> 0 | I67: =$B$3 -> 5 | J67: =-$B$3 -> -5 | K67: =$B$4*F67+(1-$B$4)*K66 -> -0.16641343 | L67: =$B$5*SQRT(($B$4/(2-$B$4))*(1-(1-$B$4)^(2*57))) -> 1 | M67: =-L67 -> -1 | O67: ='Elektronik- Fonksiyon Hatası '!A58 -> 46121 | P67: ='Elektronik- Fonksiyon Hatası '!B58 -> 25 | Q67: ='Elektronik- Fonksiyon Hatası '!C58 -> 0 | R67: =Q67/P67 -> 0 | S67: =SQRT('Elektronik- Fonksiyon Hatası '!$D$148*(1-'Elektronik- Fonksiyon Hatası '!$D$148)/P67) -> 0.015174632 | T67: =(R67-'Elektronik- Fonksiyon Hatası '!$D$148)/S67 -> -0.38157523 | U67: =MAX(0,T67-$B$2+U66) -> 0 | V67: =MAX(0,-T67-$B$2+V66) -> 0 | W67: =$B$3 -> 5 | X67: =-$B$3 -> -5 | Y67: =$B$4*T67+(1-$B$4)*Y66 -> -0.18046466 | Z67: =$B$5*SQRT(($B$4/(2-$B$4))*(1-(1-$B$4)^(2*57))) -> 1 | AA67: =-Z67 -> -1
A68: ='Yazılım SW Hatası'!A59 -> 46122 | B68: ='Yazılım SW Hatası'!B59 -> 1 | C68: ='Yazılım SW Hatası'!C59 -> 0 | D68: =C68/B68 -> 0 | E68: =SQRT('Yazılım SW Hatası'!$D$148*(1-'Yazılım SW Hatası'!$D$148)/B68) -> 0.070940707 | F68: =(D68-'Yazılım SW Hatası'!$D$148)/E68 -> -0.071301361 | G68: =MAX(0,F68-$B$2+G67) -> 0 | H68: =MAX(0,-F68-$B$2+H67) -> 0 | I68: =$B$3 -> 5 | J68: =-$B$3 -> -5 | K68: =$B$4*F68+(1-$B$4)*K67 -> -0.14739101 | L68: =$B$5*SQRT(($B$4/(2-$B$4))*(1-(1-$B$4)^(2*58))) -> 1 | M68: =-L68 -> -1 | O68: ='Elektronik- Fonksiyon Hatası '!A59 -> 46122 | P68: ='Elektronik- Fonksiyon Hatası '!B59 -> 1 | Q68: ='Elektronik- Fonksiyon Hatası '!C59 -> 0 | R68: =Q68/P68 -> 0 | S68: =SQRT('Elektronik- Fonksiyon Hatası '!$D$148*(1-'Elektronik- Fonksiyon Hatası '!$D$148)/P68) -> 0.075873161 | T68: =(R68-'Elektronik- Fonksiyon Hatası '!$D$148)/S68 -> -0.076315046 | U68: =MAX(0,T68-$B$2+U67) -> 0 | V68: =MAX(0,-T68-$B$2+V67) -> 0 | W68: =$B$3 -> 5 | X68: =-$B$3 -> -5 | Y68: =$B$4*T68+(1-$B$4)*Y67 -> -0.15963474 | Z68: =$B$5*SQRT(($B$4/(2-$B$4))*(1-(1-$B$4)^(2*58))) -> 1 | AA68: =-Z68 -> -1
A69: ='Yazılım SW Hatası'!A60 -> 46125 | B69: ='Yazılım SW Hatası'!B60 -> 43 | C69: ='Yazılım SW Hatası'!C60 -> 0 | D69: =C69/B69 -> 0 | E69: =SQRT('Yazılım SW Hatası'!$D$148*(1-'Yazılım SW Hatası'!$D$148)/B69) -> 0.010818356 | F69: =(D69-'Yazılım SW Hatası'!$D$148)/E69 -> -0.46755429 | G69: =MAX(0,F69-$B$2+G68) -> 0 | H69: =MAX(0,-F69-$B$2+H68) -> 0 | I69: =$B$3 -> 5 | J69: =-$B$3 -> -5 | K69: =$B$4*F69+(1-$B$4)*K68 -> -0.21142367 | L69: =$B$5*SQRT(($B$4/(2-$B$4))*(1-(1-$B$4)^(2*59))) -> 1 | M69: =-L69 -> -1 | O69: ='Elektronik- Fonksiyon Hatası '!A60 -> 46125 | P69: ='Elektronik- Fonksiyon Hatası '!B60 -> 43 | Q69: ='Elektronik- Fonksiyon Hatası '!C60 -> 0 | R69: =Q69/P69 -> 0 | S69: =SQRT('Elektronik- Fonksiyon Hatası '!$D$148*(1-'Elektronik- Fonksiyon Hatası '!$D$148)/P69) -> 0.011570549 | T69: =(R69-'Elektronik- Fonksiyon Hatası '!$D$148)/S69 -> -0.50043122 | U69: =MAX(0,T69-$B$2+U68) -> 0 | V69: =MAX(0,-T69-$B$2+V68) -> 0.00043122043 | W69: =$B$3 -> 5 | X69: =-$B$3 -> -5 | Y69: =$B$4*T69+(1-$B$4)*Y68 -> -0.22779403 | Z69: =$B$5*SQRT(($B$4/(2-$B$4))*(1-(1-$B$4)^(2*59))) -> 1 | AA69: =-Z69 -> -1
A70: ='Yazılım SW Hatası'!A61 -> 46126 | B70: ='Yazılım SW Hatası'!B61 -> 14 | C70: ='Yazılım SW Hatası'!C61 -> 0 | D70: =C70/B70 -> 0 | E70: =SQRT('Yazılım SW Hatası'!$D$148*(1-'Yazılım SW Hatası'!$D$148)/B70) -> 0.018959701 | F70: =(D70-'Yazılım SW Hatası'!$D$148)/E70 -> -0.26678526 | G70: =MAX(0,F70-$B$2+G69) -> 0 | H70: =MAX(0,-F70-$B$2+H69) -> 0 | I70: =$B$3 -> 5 | J70: =-$B$3 -> -5 | K70: =$B$4*F70+(1-$B$4)*K69 -> -0.22249599 | L70: =$B$5*SQRT(($B$4/(2-$B$4))*(1-(1-$B$4)^(2*60))) -> 1 | M70: =-L70 -> -1 | O70: ='Elektronik- Fonksiyon Hatası '!A61 -> 46126 | P70: ='Elektronik- Fonksiyon Hatası '!B61 -> 14 | Q70: ='Elektronik- Fonksiyon Hatası '!C61 -> 0 | R70: =Q70/P70 -> 0 | S70: =SQRT('Elektronik- Fonksiyon Hatası '!$D$148*(1-'Elektronik- Fonksiyon Hatası '!$D$148)/P70) -> 0.020277955 | T70: =(R70-'Elektronik- Fonksiyon Hatası '!$D$148)/S70 -> -0.28554475 | U70: =MAX(0,T70-$B$2+U69) -> 0 | V70: =MAX(0,-T70-$B$2+V69) -> 0 | W70: =$B$3 -> 5 | X70: =-$B$3 -> -5 | Y70: =$B$4*T70+(1-$B$4)*Y69 -> -0.23934418 | Z70: =$B$5*SQRT(($B$4/(2-$B$4))*(1-(1-$B$4)^(2*60))) -> 1 | AA70: =-Z70 -> -1
A71: ='Yazılım SW Hatası'!A62 -> 46127 | B71: ='Yazılım SW Hatası'!B62 -> 5 | C71: ='Yazılım SW Hatası'!C62 -> 0 | D71: =C71/B71 -> 0 | E71: =SQRT('Yazılım SW Hatası'!$D$148*(1-'Yazılım SW Hatası'!$D$148)/B71) -> 0.031725649 | F71: =(D71-'Yazılım SW Hatası'!$D$148)/E71 -> -0.15943469 | G71: =MAX(0,F71-$B$2+G70) -> 0 | H71: =MAX(0,-F71-$B$2+H70) -> 0 | I71: =$B$3 -> 5 | J71: =-$B$3 -> -5 | K71: =$B$4*F71+(1-$B$4)*K70 -> -0.20988373 | L71: =$B$5*SQRT(($B$4/(2-$B$4))*(1-(1-$B$4)^(2*61))) -> 1 | M71: =-L71 -> -1 | O71: ='Elektronik- Fonksiyon Hatası '!A62 -> 46127 | P71: ='Elektronik- Fonksiyon Hatası '!B62 -> 5 | Q71: ='Elektronik- Fonksiyon Hatası '!C62 -> 0 | R71: =Q71/P71 -> 0 | S71: =SQRT('Elektronik- Fonksiyon Hatası '!$D$148*(1-'Elektronik- Fonksiyon Hatası '!$D$148)/P71) -> 0.033931509 | T71: =(R71-'Elektronik- Fonksiyon Hatası '!$D$148)/S71 -> -0.17064563 | U71: =MAX(0,T71-$B$2+U70) -> 0 | V71: =MAX(0,-T71-$B$2+V70) -> 0 | W71: =$B$3 -> 5 | X71: =-$B$3 -> -5 | Y71: =$B$4*T71+(1-$B$4)*Y70 -> -0.22560447 | Z71: =$B$5*SQRT(($B$4/(2-$B$4))*(1-(1-$B$4)^(2*61))) -> 1 | AA71: =-Z71 -> -1
A72: ='Yazılım SW Hatası'!A63 -> 46128 | B72: ='Yazılım SW Hatası'!B63 -> 53 | C72: ='Yazılım SW Hatası'!C63 -> 0 | D72: =C72/B72 -> 0 | E72: =SQRT('Yazılım SW Hatası'!$D$148*(1-'Yazılım SW Hatası'!$D$148)/B72) -> 0.0097444555 | F72: =(D72-'Yazılım SW Hatası'!$D$148)/E72 -> -0.51908174 | G72: =MAX(0,F72-$B$2+G71) -> 0 | H72: =MAX(0,-F72-$B$2+H71) -> 0.019081744 | I72: =$B$3 -> 5 | J72: =-$B$3 -> -5 | K72: =$B$4*F72+(1-$B$4)*K71 -> -0.27172333 | L72: =$B$5*SQRT(($B$4/(2-$B$4))*(1-(1-$B$4)^(2*62))) -> 1 | M72: =-L72 -> -1 | O72: ='Elektronik- Fonksiyon Hatası '!A63 -> 46128 | P72: ='Elektronik- Fonksiyon Hatası '!B63 -> 53 | Q72: ='Elektronik- Fonksiyon Hatası '!C63 -> 0 | R72: =Q72/P72 -> 0 | S72: =SQRT('Elektronik- Fonksiyon Hatası '!$D$148*(1-'Elektronik- Fonksiyon Hatası '!$D$148)/P72) -> 0.01042198 | T72: =(R72-'Elektronik- Fonksiyon Hatası '!$D$148)/S72 -> -0.55558192 | U72: =MAX(0,T72-$B$2+U71) -> 0 | V72: =MAX(0,-T72-$B$2+V71) -> 0.055581919 | W72: =$B$3 -> 5 | X72: =-$B$3 -> -5 | Y72: =$B$4*T72+(1-$B$4)*Y71 -> -0.29159996 | Z72: =$B$5*SQRT(($B$4/(2-$B$4))*(1-(1-$B$4)^(2*62))) -> 1 | AA72: =-Z72 -> -1
A73: ='Yazılım SW Hatası'!A64 -> 46132 | B73: ='Yazılım SW Hatası'!B64 -> 8 | C73: ='Yazılım SW Hatası'!C64 -> 0 | D73: =C73/B73 -> 0 | E73: =SQRT('Yazılım SW Hatası'!$D$148*(1-'Yazılım SW Hatası'!$D$148)/B73) -> 0.025081327 | F73: =(D73-'Yazılım SW Hatası'!$D$148)/E73 -> -0.2016707 | G73: =MAX(0,F73-$B$2+G72) -> 0 | H73: =MAX(0,-F73-$B$2+H72) -> 0 | I73: =$B$3 -> 5 | J73: =-$B$3 -> -5 | K73: =$B$4*F73+(1-$B$4)*K72 -> -0.25771281 | L73: =$B$5*SQRT(($B$4/(2-$B$4))*(1-(1-$B$4)^(2*63))) -> 1 | M73: =-L73 -> -1 | O73: ='Elektronik- Fonksiyon Hatası '!A64 -> 46132 | P73: ='Elektronik- Fonksiyon Hatası '!B64 -> 8 | Q73: ='Elektronik- Fonksiyon Hatası '!C64 -> 0 | R73: =Q73/P73 -> 0 | S73: =SQRT('Elektronik- Fonksiyon Hatası '!$D$148*(1-'Elektronik- Fonksiyon Hatası '!$D$148)/P73) -> 0.026825213 | T73: =(R73-'Elektronik- Fonksiyon Hatası '!$D$148)/S73 -> -0.21585155 | U73: =MAX(0,T73-$B$2+U72) -> 0 | V73: =MAX(0,-T73-$B$2+V72) -> 0 | W73: =$B$3 -> 5 | X73: =-$B$3 -> -5 | Y73: =$B$4*T73+(1-$B$4)*Y72 -> -0.27645028 | Z73: =$B$5*SQRT(($B$4/(2-$B$4))*(1-(1-$B$4)^(2*63))) -> 1 | AA73: =-Z73 -> -1
A74: ='Yazılım SW Hatası'!A65 -> 46133 | B74: ='Yazılım SW Hatası'!B65 -> 19 | C74: ='Yazılım SW Hatası'!C65 -> 0 | D74: =C74/B74 -> 0 | E74: =SQRT('Yazılım SW Hatası'!$D$148*(1-'Yazılım SW Hatası'!$D$148)/B74) -> 0.016274914 | F74: =(D74-'Yazılım SW Hatası'!$D$148)/E74 -> -0.31079543 | G74: =MAX(0,F74-$B$2+G73) -> 0 | H74: =MAX(0,-F74-$B$2+H73) -> 0 | I74: =$B$3 -> 5 | J74: =-$B$3 -> -5 | K74: =$B$4*F74+(1-$B$4)*K73 -> -0.26832933 | L74: =$B$5*SQRT(($B$4/(2-$B$4))*(1-(1-$B$4)^(2*64))) -> 1 | M74: =-L74 -> -1 | O74: ='Elektronik- Fonksiyon Hatası '!A65 -> 46133 | P74: ='Elektronik- Fonksiyon Hatası '!B65 -> 19 | Q74: ='Elektronik- Fonksiyon Hatası '!C65 -> 0 | R74: =Q74/P74 -> 0 | S74: =SQRT('Elektronik- Fonksiyon Hatası '!$D$148*(1-'Elektronik- Fonksiyon Hatası '!$D$148)/P74) -> 0.017406497 | T74: =(R74-'Elektronik- Fonksiyon Hatası '!$D$148)/S74 -> -0.33264957 | U74: =MAX(0,T74-$B$2+U73) -> 0 | V74: =MAX(0,-T74-$B$2+V73) -> 0 | W74: =$B$3 -> 5 | X74: =-$B$3 -> -5 | Y74: =$B$4*T74+(1-$B$4)*Y73 -> -0.28769014 | Z74: =$B$5*SQRT(($B$4/(2-$B$4))*(1-(1-$B$4)^(2*64))) -> 1 | AA74: =-Z74 -> -1
